LibraryPlate,SourceWell,LibraryName,CompoundSMILES,OSA_ID,CompoundCode
1031210-Y5-01,A02,Mur_Eyerman_set,O=C(NCC=1C=CC=2OCOC2C1)C3=NNC=4C=CC=CC34,OSA_000076,Z31428352
1031210-Y5-01,AA02,Mur_Eyerman_set,CS(=O)(=O)NC=1C=C(C=CC1F)C(=O)NC=2C=CC3=CNN=C3C2,OSA_000077,Z1005269362
1031210-Y5-01,AB02,Mur_Eyerman_set,NC(=O)C=1C=CC(CSC=2N=C(N)C=C(N)N2)=C(C1)[N+](=O)[O-],OSA_000078,Z165645656
1031210-Y5-01,AC02,Mur_Eyerman_set,NC=1N=C(CN(CC2CCCO2)CC=3C=CC=NC3)N=C4C=CC=CC14,OSA_000079,Z1469057666
1031210-Y5-01,AD02,Mur_Eyerman_set,CC1OC=2C=CC(NC(=O)CC3=CNC=4C=CC=CC34)=CC2NC1=O,OSA_000080,Z110096110
1031210-Y5-01,AE02,Mur_Eyerman_set,CC=1C=C(NC(=O)NCCNC(=O)C2=CC=CN2C)C=C3NN=CC13,OSA_000081,Z1557592893
1031210-Y5-01,AF02,Mur_Eyerman_set,OC=1C=CC(C2=CSC(NC=3C=CC=4OCCOC4C3)=N2)=C(O)C1,OSA_000082,Z48851300
1031210-Y5-01,B02,Mur_Eyerman_set,COC=1C=CC(OCC2=CC=3C=CC=CC3C(=O)N2)=C(C1)C(=O)N,OSA_000083,Z1742686736
1031210-Y5-01,C02,Mur_Eyerman_set,O=C(NCC=1C=CC=2OCOC2C1)C3=NNC(=O)C=4C=CC=CC34,OSA_000084,Z27695286
1031210-Y5-01,D02,Mur_Eyerman_set,COC=1C=C2N=C(CN(C)C=3C=CC=C(O)C3)NC(=O)C2=CC1OC,OSA_000085,Z1230415721
1031210-Y5-01,E02,Mur_Eyerman_set,OC=1C=CC=C(NC(=O)CCC2=NC=3C=CC=CC3C(=O)N2)C1,OSA_000086,Z31717432
1031210-Y5-01,F02,Mur_Eyerman_set,CC1=NN=C(O1)C2CN(CCO2)C(=O)CN3C(=O)NC=4C=CC=CC34,OSA_000087,Z1754180927
1031210-Y5-01,G02,Mur_Eyerman_set,COC=1C=CC(OCC2=NNC(=N2)C=3C=CC=NC3)=CC1,OSA_000088,Z57339412
1031210-Y5-01,H02,Mur_Eyerman_set,COC(C)(C)C1=NOC(CC2=CSC(=N2)N3CCNC3=O)=N1,OSA_000089,Z1381367571
1031210-Y5-01,I02,Mur_Eyerman_set,COCCNC(=O)CSC1=NN=C2NC=3C=CC=CC3N12,OSA_000090,Z16225295
1031210-Y5-01,J02,Mur_Eyerman_set,O=C1NCCN1C2=NC(CC3=NC(=NO3)C4CCOC4)=CS2,OSA_000091,Z1407882427
1031210-Y5-01,K02,Mur_Eyerman_set,COC=1C=CC(CNC(=O)C2=C(C)OC=3N=CNC(=O)C23)=CC1,OSA_000092,Z94789885
1031210-Y5-01,L02,Mur_Eyerman_set,Cl.Cl.CCN1CCN(CC1)C=2C=NC=C(Br)C2,OSA_000093,Z1172208621
1031210-Y5-01,M02,Mur_Eyerman_set,NC=1NN=C(CCCCCNC=2N=CN=C3SC=CC23)C1C#N,OSA_000094,Z31129458
1031210-Y5-01,N02,Mur_Eyerman_set,CCC=1C=C(NN1)C(=O)NCC(N(C)C)C=2C=CC(OC)=CC2,OSA_000095,Z365298776
1031210-Y5-01,O02,Mur_Eyerman_set,CC(SC=1N=C(N)N=C(N)N1)C(=O)NCC=2C=CC=3OCOC3C2,OSA_000096,Z17559315
1031210-Y5-01,P02,Mur_Eyerman_set,COC=1C=CC(=CC1)C2=CC(=NN2)N(C)CC3=NNC(=O)S3,OSA_000097,Z1824274849
1031210-Y5-01,Q02,Mur_Eyerman_set,COC=1C=CC(CNC(=O)C2=C(C)OC=3N=CNC(=O)C23)=CC1OC,OSA_000098,Z82184050
1031210-Y5-01,R02,Mur_Eyerman_set,NS(=O)(=O)C=1C=CC=C(NC(=O)C2=CC=3CCCC3S2)C1,OSA_000099,Z56831588
1031210-Y5-01,S02,Mur_Eyerman_set,CC1=NN(C)C=2NC(=O)C(CCC(=O)NC=3C=NN(C)C3)=C(C)C12,OSA_000100,Z373770778
1031210-Y5-01,T02,Mur_Eyerman_set,C(SC=1N=NC=2C=3C=CC=CC3NC2N1)C4=NC=5C=CC=CC5S4,OSA_000101,Z19126119
1031210-Y5-01,U02,Mur_Eyerman_set,NC=1N=C(NCC=2C=CC=3OCOC3C2)N=CC1[N+](=O)[O-],OSA_000102,Z641206860
1031210-Y5-01,V02,Mur_Eyerman_set,COC=1C=CC(NC(=O)CSC=2N=CN=C3NN=CC23)=CC1,OSA_000103,Z56936356
1031210-Y5-01,W02,Mur_Eyerman_set,CC1=NC(=NN1)C=2C=CC=C(CNC(=O)C3=CC=CS3)C2,OSA_000104,Z1530946344
1031210-Y5-01,X02,Mur_Eyerman_set,COC=1C=CC=CC1C=2C=C(CSC=3N=C(N)N=C(N)N3)ON2,OSA_000105,Z217737566
1031210-Y5-01,Y02,Mur_Eyerman_set,CS(=O)C=1C=CC(CNC=2C=CC(NC(=O)C3CC3)=NC2)=CC1,OSA_000106,Z1478432600
1031210-Y5-01,Z02,Mur_Eyerman_set,O=C(NCC1COC=2C=CC=CC2O1)C3=NNC(=O)C=4C=CC=CC34,OSA_000107,Z29885103
1031210-Y5-01,A03,Mur_Eyerman_set,NC(=O)CN1CCCC1C=2C=CC=3OCCOC3C2,OSA_000108,Z103860258
1031210-Y5-01,AA03,Mur_Eyerman_set,NC(=O)C(CC=1C=CC=CC1)NC(=O)CN2C=C(N=N2)C=3C=CC=CC3,OSA_000109,Z1426335808
1031210-Y5-01,AB03,Mur_Eyerman_set,COC=1C=CC(CNC=2N=CC([N+](=O)[O-])=C(N)N2)=CN1,OSA_000110,Z643599154
1031210-Y5-01,AC03,Mur_Eyerman_set,COC(C(=O)NC=1C=CC=2OC(C)C(=O)NC2C1)C=3C=CC=CC3,OSA_000111,Z442692294
1031210-Y5-01,AD03,Mur_Eyerman_set,CCCCC1=NN=C(NC(=O)CN(C)C=2N=CN=C3N=CNC23)S1,OSA_000112,Z776735836
1031210-Y5-01,AE03,Mur_Eyerman_set,CN1C=C(C=N1)C2=NC(CNC=3C=C(Cl)C=CC3C(=O)N)=CS2,OSA_000113,Z1419679430
1031210-Y5-01,AF03,Mur_Eyerman_set,NC=1N=C(CSCC(=O)NC=2C=CC=CC2)N=C3C=CC=CC13,OSA_000114,Z1137690688
1031210-Y5-01,B03,Mur_Eyerman_set,CN1N=CC=C1CC2=NOC(=N2)C3=NNC(=O)C=4C=CC=CC34,OSA_000115,Z1685134911
1031210-Y5-01,C03,Mur_Eyerman_set,Cl.NC(=O)C=1C=C(C=CC1O)C2=CSC(NC3CC3)=N2,OSA_000116,Z203053480
1031210-Y5-01,D03,Mur_Eyerman_set,CC1(CCNC(=O)CC1)C=2C=CC=CC2,OSA_000117,Z2028214363
1031210-Y5-01,E03,Mur_Eyerman_set,COC=1C=CC(OCC=2N=C(N)C=3C=CC=CC3N2)=C(C1)[N+](=O)[O-],OSA_000118,Z167849056
1031210-Y5-01,F03,Mur_Eyerman_set,CCC1=CC(=NN1)C(=O)NCC=2C=CC(=CC2)C(=O)O,OSA_000119,Z1443594996
1031210-Y5-01,G03,Mur_Eyerman_set,CN(C)C(=O)CNC(=O)CSC=1N=C(N)C=2C=CSC2N1,OSA_000120,Z166467790
1031210-Y5-01,H03,Mur_Eyerman_set,O=C(CC=1C=CC=2C=NNC2C1)N3CCN(CC3)C=4N=CC=CN4,OSA_000121,Z1835954542
1031210-Y5-01,I03,Mur_Eyerman_set,NC=1N=C(COC=2C=CC(=CC2)[N+](=O)[O-])N=C3C=CC=CC13,OSA_000122,Z167838862
1031210-Y5-01,J03,Mur_Eyerman_set,CC1(CC1)C=2C=C(NN2)N3CCN(CC3)C(=O)C=4C=CN=CC4F,OSA_000123,Z1952865255
1031210-Y5-01,K03,Mur_Eyerman_set,NC=1N=C(SCC2=COC(=N2)C3=CC=CS3)N=C4SC=CC14,OSA_000124,Z166468496
1031210-Y5-01,L03,Mur_Eyerman_set,NC(=O)C=1C=NN2CCC(CNC(=O)C=3C=CC=4NC=NC4C3)CC12,OSA_000125,Z1852075533
1031210-Y5-01,M03,Mur_Eyerman_set,CC(C)CNC(=O)NC(=O)CSC=1N=C(N)C=2C=CSC2N1,OSA_000126,Z166465770
1031210-Y5-01,N03,Mur_Eyerman_set,CC(NC(=O)C1=NNC=2C=CC=CC12)C=3C=CC=C(C3)S(=O)(=O)N,OSA_000127,Z191126564
1031210-Y5-01,O03,Mur_Eyerman_set,NC=1N=C(CSC=2N=CC=CN2)N=C3SC=4CCCCC4C13,OSA_000128,Z167801970
1031210-Y5-01,P03,Mur_Eyerman_set,CC(C)C1=NSC(=N1)N2CCCC(C2)C3=NNC(=O)O3,OSA_000129,Z2033609726
1031210-Y5-01,Q03,Mur_Eyerman_set,CS(=O)C=1C=CC(CNC=2N=CC([N+](=O)[O-])=C(N)N2)=CC1,OSA_000130,Z1357256284
1031210-Y5-01,R03,Mur_Eyerman_set,CC(NC(=O)CC1=NNC(=O)C=2C=CC=CC12)C=3C=CC=NC3,OSA_000131,Z83017152
1031210-Y5-01,S03,Mur_Eyerman_set,NC(=O)C=1C=CC=CC1N2CCC(C2)NC(=O)C=3C=CC(Cl)=CN3,OSA_000132,Z1231837049
1031210-Y5-01,T03,Mur_Eyerman_set,NC=1N=C(COC=2C=CC=NC2[N+](=O)[O-])N=C3C=CC=CC13,OSA_000133,Z167856942
1031210-Y5-01,U03,Mur_Eyerman_set,NC(=O)C=1C(Cl)=CC=CC1NCC=2C=CC=C(C#N)C2F,OSA_000134,Z1589570777
1031210-Y5-01,V03,Mur_Eyerman_set,CC(C)C(=O)NC=1C=CC(C#N)=CC1,OSA_000135,Z30612234
1031210-Y5-01,W03,Mur_Eyerman_set,CC(C(=O)NC=1C=NN(CC(=O)N)C1)C2=CC=C(Cl)S2,OSA_000136,Z1347877672
1031210-Y5-01,X03,Mur_Eyerman_set,CCOC=1C=CC(NC2=NC(=CS2)C=3C=CC(O)=CC3O)=CC1,OSA_000137,Z48861640
1031210-Y5-01,Y03,Mur_Eyerman_set,CC1=NN(C=2C=CC(F)=CC2)C=3NN=C(NC(=O)CC=4C=CON4)C13,OSA_000138,Z1315026747
1031210-Y5-01,Z03,Mur_Eyerman_set,COC=1C=CC(CNC=2N=CN=C3N(CCO)N=CC23)=CN1,OSA_000139,Z990856154
1031210-Y5-01,A04,Mur_Eyerman_set,OC=1C=CC(=CC1)C(=O)CSC2=NNC3=NC=4C=CC=CC4N23,OSA_000140,Z112433702
1031210-Y5-01,AA04,Mur_Eyerman_set,FC=1C=CC=C(F)C1C2=CC(NC(=O)C3CCCC=4NN=CC34)=NN2,OSA_000141,Z1410243144
1031210-Y5-01,AB04,Mur_Eyerman_set,CC1=NN(C)C(C)=C1C2CCCN2CC=3N=C(N)C=4C=CC=CC4N3,OSA_000142,Z1141203222
1031210-Y5-01,AC04,Mur_Eyerman_set,CC(=O)C=1C=CC(CNC(=O)C2=NNC=3C=CC=CC23)=NC1C,OSA_000143,Z1544591530
1031210-Y5-01,AD04,Mur_Eyerman_set,CC(CO)(CO)NC(=O)NC=1C=CC=CC1,OSA_000144,Z57472297
1031210-Y5-01,AE04,Mur_Eyerman_set,CC1=NNC=2N=CC(NS(=O)(=O)CC=3C=CC(C#N)=CC3)=CC12,OSA_000145,Z1601701772
1031210-Y5-01,AF04,Mur_Eyerman_set,CNC=1N=C(C)C=C(N1)C(=O)N[C@H](CC=2C=CC=CC2)C(=O)O,OSA_000146,Z2295601457
1031210-Y5-01,B04,Mur_Eyerman_set,O=C(NC=1C=CN(CC=2C=CN=CC2)N1)NC=3C=CN=CN3,OSA_000147,Z1889528746
1031210-Y5-01,C04,Mur_Eyerman_set,COC=1C=CC(=CC1)C2CCCCCN2CC=3N=C(N)N=C(N)N3,OSA_000148,Z126474000
1031210-Y5-01,D04,Mur_Eyerman_set,CC=1C=C(COCC(=O)NC2=NNC=3C=C(F)C=CC23)ON1,OSA_000149,Z2014289995
1031210-Y5-01,E04,Mur_Eyerman_set,COC=1C=CC(CNC(=O)C2=NNC=3C=CC=CC23)=CC1,OSA_000150,Z32388176
1031210-Y5-01,F04,Mur_Eyerman_set,CCCC1=CC(NS(=O)(=O)C=2C=CC(=CC2)C(=O)N(C)C)=NN1,OSA_000151,Z1996872008
1031210-Y5-01,G04,Mur_Eyerman_set,NC(=O)C=1C=CC=CC1OCC2=NN=C(O2)C=3C=CC=CC3,OSA_000152,Z25777642
1031210-Y5-01,H04,Mur_Eyerman_set,CC(CC=1C(C)=NN(C)C1C)NC(=O)C=2C=C(Cl)C=C(F)C2N,OSA_000153,Z1982323353
1031210-Y5-01,I04,Mur_Eyerman_set,CCN1CCN(CC1)C(=O)NC=2C=CC(C)=CC2,OSA_000154,Z44585618
1031210-Y5-01,J04,Mur_Eyerman_set,CC1=NC(=NN1)C=2C=CC=C(NC(=O)CC3=CC=C(Cl)S3)C2,OSA_000155,Z2010503124
1031210-Y5-01,K04,Mur_Eyerman_set,Cl.O=C1CCN(CC=2C=CC=CC2)CCN1,OSA_000156,Z56800698
1031210-Y5-01,L04,Mur_Eyerman_set,O=C(NC=1C=CC=C(C1)C2=NC=CN2)C=3NN=C4CCCCC34,OSA_000157,Z1231798863
1031210-Y5-01,M04,Mur_Eyerman_set,CC=1C=C(C)N2N=C(SCC=3N=C(N)C=4C=CC=CC4N3)N=C2N1,OSA_000158,Z167718922
1031210-Y5-01,N04,Mur_Eyerman_set,OCCNC1=NC=2C=CC=CC2N1CC(=O)NCC3CCCO3,OSA_000159,Z25714070
1031210-Y5-01,O04,Mur_Eyerman_set,COC=1C=CC(OCCSCC=2N=C(N)N=C(N)N2)=CC1,OSA_000160,Z99551913
1031210-Y5-01,P04,Mur_Eyerman_set,CC1=CC=C(C(=O)NCC2=NC(=NO2)C=3C=CC=NC3)C(=O)N1,OSA_000161,Z647382560
1031210-Y5-01,Q04,Mur_Eyerman_set,NC(=O)C1CCCCC1NC=2C=CC=3N=CC=NC3N2,OSA_000162,Z1422042115
1031210-Y5-01,R04,Mur_Eyerman_set,CC1=C(N=NN1C=2C=CC=C3C=CC=NC23)C(=O)NCC=4C=CC=NC4,OSA_000163,Z1165168528
1031210-Y5-01,S04,Mur_Eyerman_set,CC1=NOC(CNC=2C=CC=C(OC=3C=CC=CC3C(=O)N)C2)=N1,OSA_000164,Z1325974399
1031210-Y5-01,T04,Mur_Eyerman_set,OCCN1N=CC=2C(NCC=3C=CNN3)=NC=NC12,OSA_000165,Z990878262
1031210-Y5-01,U04,Mur_Eyerman_set,CN(CCO)C1(CNC2=NN3C(=O)C=CN=C3S2)CCCCC1,OSA_000166,Z1203680577
1031210-Y5-01,V04,Mur_Eyerman_set,OC=1C=CC(Cl)=CC1NC(=O)C=2C=NC=3NC(=O)NC(=O)C3C2,OSA_000167,Z1165227098
1031210-Y5-01,W04,Mur_Eyerman_set,CCNC(=O)CN1C=CC(NC(=O)C=2C=CC=C(C2)N3C=CC=N3)=N1,OSA_000168,Z1219888793
1031210-Y5-01,X04,Mur_Eyerman_set,O=C(NC=1C=CC=C(CN2C=NC=3C=CC=CC23)C1)C4CCC(=O)N4,OSA_000169,Z1167942545
1031210-Y5-01,Y04,Mur_Eyerman_set,CN1N=CC(NCC=2C=CNN2)=C(Br)C1=O,OSA_000170,Z1189016073
1031210-Y5-01,Z04,Mur_Eyerman_set,NC=1N=CN=C2N(CCCSC=3N=CN=C4C=CC=CC34)C=NC12,OSA_000171,Z915390666
1031210-Y5-01,A05,Mur_Eyerman_set,CN1C(SCC=2N=C(N)C=3C=CC=CC3N2)=NN=C1C(F)(F)F,OSA_000172,Z167849604
1031210-Y5-01,AA05,Mur_Eyerman_set,OC(=O)C(CNC(=O)C=1C=CC=2C=CNC2C1)CC=3C=CC=CC3F,OSA_000173,Z1445326541
1031210-Y5-01,AB05,Mur_Eyerman_set,OC(=O)C=1C=CC=CC1NS(=O)(=O)C=2C=CC=3CCNC(=O)C3C2,OSA_000174,Z1672660229
1031210-Y5-01,AC05,Mur_Eyerman_set,NC=1C=CC=2C(NCCNC=3C=CC(=CC3)[N+](=O)[O-])=NC=NC2N1,OSA_000175,Z1537055266
1031210-Y5-01,AD05,Mur_Eyerman_set,CCN1C(NC(=O)CCC2=NN=CN2)=NC=3C=C(C)C=CC13,OSA_000176,Z1594722049
1031210-Y5-01,AE05,Mur_Eyerman_set,CCS(=O)(=O)C=1C=CC(CNC(=O)C=2NN=C3CCCCC23)=CC1,OSA_000177,Z1610792820
1031210-Y5-01,AF05,Mur_Eyerman_set,CN1CCN(CC2=CC=3C=CC=CC3NC2=O)CC1C4=NC(C)=NO4,OSA_000178,Z2053817169
1031210-Y5-01,B05,Mur_Eyerman_set,CC1=NN(CC=2N=C(N)N=C(NC=3C=CC=CC3)N2)C(=O)C(C#N)=C1C,OSA_000179,Z107289492
1031210-Y5-01,C05,Mur_Eyerman_set,CN(CC(=O)NC=1C=CC(F)=CC1)CC=2N=C(N)C=3C=CC=CC3N2,OSA_000180,Z195626578
1031210-Y5-01,D05,Mur_Eyerman_set,NC(=O)C1CCN(C1)C(=O)CCC=2C=NN(C2)C=3C=CC=CC3,OSA_000181,Z438021866
1031210-Y5-01,E05,Mur_Eyerman_set,CCOC=1C=CC(OCCN2CC(OC=3C=CC=CC23)C(=O)N)=CC1,OSA_000182,Z89105592
1031210-Y5-01,F05,Mur_Eyerman_set,CC=1C=C(NCCOC=2C=CC=3OCOC3C2)N=C(N)N1,OSA_000183,Z645593308
1031210-Y5-01,G05,Mur_Eyerman_set,CC(SC=1N=C(N)N=C(N)N1)C(=O)NC=2C=CC=3OCCOC3C2,OSA_000184,Z17559309
1031210-Y5-01,H05,Mur_Eyerman_set,NC(=O)C1CCN(C1)C(=O)CCCC2=NN=C(O2)C=3C=CC=CC3,OSA_000185,Z666973398
1031210-Y5-01,I05,Mur_Eyerman_set,CC1CCC2=C(C1)SC=3N=C(CSC4=NN=NN4C)N=C(N)C23,OSA_000186,Z193663186
1031210-Y5-01,J05,Mur_Eyerman_set,CN1N=C(C=CC1=O)C(=O)N(CCC(=O)N)CC=2C=CC=CC2,OSA_000187,Z167529348
1031210-Y5-01,K05,Mur_Eyerman_set,COC=1C=CC(NC(=O)C(SC=2N=C(N)N=C(N)N2)C(C)C)=CC1,OSA_000188,Z193603654
1031210-Y5-01,L05,Mur_Eyerman_set,CC=1OC=2N=CNC(=O)C2C1C(=O)NCC=3C=CC=4OCCOC4C3,OSA_000189,Z98622786
1031210-Y5-01,M05,Mur_Eyerman_set,CC=1SC=2N=C(CSC3=NN=C(N)S3)N=C(N)C2C1C,OSA_000190,Z193659230
1031210-Y5-01,N05,Mur_Eyerman_set,NS(=O)(=O)NCC1CCCN(C1)C=2N=CN=C3C=CSC23,OSA_000191,Z1037453586
1031210-Y5-01,O05,Mur_Eyerman_set,CC=1C=CC(NC2=NC(CN3C=NC(C#N)=N3)=CS2)=CC1C,OSA_000192,Z228466476
1031210-Y5-01,P05,Mur_Eyerman_set,NC(=O)C1CCN(C1)C(=O)COC=2C=CC=C(OC=3C=CC=CN3)C2,OSA_000193,Z666969462
1031210-Y5-01,Q05,Mur_Eyerman_set,CC1=NN(CCO)C(C)=C1CNC2=NC=3C=CC(=CC3S2)[N+](=O)[O-],OSA_000194,Z1606797477
1031210-Y5-01,R05,Mur_Eyerman_set,N#CC=1C=CC(NC2CCC2)=CC1,OSA_000195,Z1148797578
1031210-Y5-01,S05,Mur_Eyerman_set,OC(=O)CC(NC(=O)C1=NNC=2CCCCC12)C=3C=CC(F)=CC3,OSA_000196,Z1443672196
1031210-Y5-01,T05,Mur_Eyerman_set,N#CC=1C=CC(NCC2CC2)=CC1,OSA_000197,Z373231540
1031210-Y5-01,U05,Mur_Eyerman_set,CN1N=CC=C1CNC=2C=C(N=CN2)N3CCCC(CO)C3,OSA_000198,Z1587166764
1031210-Y5-01,V05,Mur_Eyerman_set,O=C(NCC1=CSC(=O)N1)C2=NNC=3CCCCCC23,OSA_000199,Z1834766073
1031210-Y5-01,W05,Mur_Eyerman_set,CN(CCOC=1C=CC=C(C#N)C1)C=2N=CN=C3N=C(N)C=CC23,OSA_000200,Z1537141848
1031210-Y5-01,X05,Mur_Eyerman_set,CC=1C=CC=2NN=C(C(=O)N3CCCC(C3)C(=O)O)C2C1,OSA_000201,Z928369420
1031210-Y5-01,Y05,Mur_Eyerman_set,CC(C)NC(=O)C=1C=CC=C(CNC=2N=C3C=CC=CC3=CC2CO)C1,OSA_000202,Z1238969821
1031210-Y5-01,Z05,Mur_Eyerman_set,NC(=O)C=1C=NN2CCC(CNC=3N=CC(C#N)=CC3Cl)CC12,OSA_000203,Z1757791520
1031210-Y5-01,A06,Mur_Eyerman_set,COC(=O)C=1C=CC(CSC=2N=C(N)C=3C=CSC3N2)=CC1,OSA_000204,Z166464456
1031210-Y5-01,AA06,Mur_Eyerman_set,O=C(NC1CCCN(C1=O)C=2C=CC=NC2)C3=NNC=4C=CC=CC34,OSA_000205,Z1654253541
1031210-Y5-01,AB06,Mur_Eyerman_set,O=C(NC1CCCC=2NC(=O)C=CC12)C3=NNC=4C=CC=CC34,OSA_000206,Z283994004
1031210-Y5-01,AC06,Mur_Eyerman_set,CN(CC1=NC(CS(=O)(=O)C)=NO1)C=2C=C(NN2)C=3C=CC=CC3,OSA_000207,Z1298880666
1031210-Y5-01,AD06,Mur_Eyerman_set,CC(OC=1C=C(C)C=CC1C(=O)N)C2=NC(=NO2)C=3C=CC=CC3,OSA_000208,Z219152228
1031210-Y5-01,AE06,Mur_Eyerman_set,COCC1=NSC(NC(=O)C=2C=CC=C3C=NNC23)=N1,OSA_000209,Z1658117319
1031210-Y5-01,AF06,Mur_Eyerman_set,FC=1C=C(C#N)C=CC1CNC=2C=C(C=CC2Cl)N3CCNC3=O,OSA_000210,Z1185890576
1031210-Y5-01,B06,Mur_Eyerman_set,CC=1OC(=NC1CC(=O)N2CCCCC2CC(=O)N)C=3C=CC=CC3,OSA_000211,Z968578484
1031210-Y5-01,C06,Mur_Eyerman_set,COC=1C=CC(C(=O)NC=2C=CC=C(C2)S(=O)(=O)N)=C(F)C1,OSA_000212,Z87528924
1031210-Y5-01,D06,Mur_Eyerman_set,CCC1=CC(=O)N2N=C(NC(CO)CC=3C=CC=CC3)SC2=N1,OSA_000213,Z1127121867
1031210-Y5-01,E06,Mur_Eyerman_set,O=C(NCC=1C=CC=NC1)C=2C=CC=3N4CCCC4C(=O)NC3C2,OSA_000214,Z139931614
1031210-Y5-01,F06,Mur_Eyerman_set,CC(NC(=O)C=1NN=C2C=CC=CC12)C(=O)NC=3C=CC=CN3,OSA_000215,Z1021200422
1031210-Y5-01,G06,Mur_Eyerman_set,NC=1N=C(CN2CCNC(=O)C2)N=C3SC=4CCCCC4C13,OSA_000216,Z195604552
1031210-Y5-01,H06,Mur_Eyerman_set,BrC1=CNC(=C1)C(=O)NC2CCCC=3NC(=O)C=CC23,OSA_000217,Z283996420
1031210-Y5-01,I06,Mur_Eyerman_set,NC=1N=C(CSC=2C=CC=CN2)N=C3SC=4CCCCC4C13,OSA_000218,Z167819734
1031210-Y5-01,J06,Mur_Eyerman_set,CC1=NN(C)C=2NC(=O)C(CCC(=O)N3CCNC(=O)CC3)=C(C)C12,OSA_000219,Z908578022
1031210-Y5-01,K06,Mur_Eyerman_set,CC1=NN=C(SCC=2N=C(N)C=3C=CC=CC3N2)S1,OSA_000220,Z167849398
1031210-Y5-01,L06,Mur_Eyerman_set,CC=1C=NN(CC2CN(CC=3N=C(N)C=4C=CC=CC4N3)CCO2)C1,OSA_000221,Z1141172409
1031210-Y5-01,M06,Mur_Eyerman_set,CN(CC1=NC=2C=CSC2C(=O)N1)C(=O)CCC=3C=CC=CC3O,OSA_000222,Z229763982
1031210-Y5-01,N06,Mur_Eyerman_set,CN(CC(=O)NC=1C=C(C)C=CN1)CC=2N=C(N)C=3C=CC=CC3N2,OSA_000223,Z1120822018
1031210-Y5-01,O06,Mur_Eyerman_set,NC=1N=C(CN2C=NC(C#N)=N2)N=C3SC=4CCCCCC4C13,OSA_000224,Z228468632
1031210-Y5-01,P06,Mur_Eyerman_set,CC=1C=CC(=NN1)N2CCCN(CC2)C(=O)C3=NNC=4CCCC34,OSA_000225,Z1139263618
1031210-Y5-01,Q06,Mur_Eyerman_set,NC(=O)C=1C=CC=C(CN2CCCC=3C=C(C=CC23)C(=O)N)C1,OSA_000226,Z1665269287
1031210-Y5-01,R06,Mur_Eyerman_set,C[C@H]1OCCN(CC2=CC(=NO2)C=3C=NN(C)C3C)[C@@H]1C(=O)N,OSA_000227,Z2058042499
1031210-Y5-01,S06,Mur_Eyerman_set,COCC1=NN(CC=2N=C(N)C=3C(C)=C(C)OC3N2)C(=O)O1,OSA_000228,Z1607387226
1031210-Y5-01,T06,Mur_Eyerman_set,O=C(NCC1=NC=2C=CC=NC2N1)C3=NC=4C=CC=CC4C(=O)N3,OSA_000229,Z1981382941
1031210-Y5-01,U06,Mur_Eyerman_set,NC(=O)C=1C=CC=CC1OC=2C=CC(NC(=O)C=3C=CNC(=O)C3)=CC2,OSA_000230,Z1420563641
1031210-Y5-01,V06,Mur_Eyerman_set,CC1=NC(=NN1)C(NCC2=CN(N=N2)C(C)(C)C)C=3C=CC=CC3,OSA_000231,Z1841030291
1031210-Y5-01,W06,Mur_Eyerman_set,OC(=O)C1CCC(CC1)NC(=O)C=2C=CC=C3C=CNC23,OSA_000232,Z1603499135
1031210-Y5-01,X06,Mur_Eyerman_set,COC=1C=CC=2C(NC(=O)[C@@H]3CCO[C@H]3C4=NC=CN4C)=NNC2C1,OSA_000233,Z2061995932
1031210-Y5-01,Y06,Mur_Eyerman_set,OCCOC=1C=CC=C(N1)C2=NC=3C=CC(Cl)=CC3C(=O)N2,OSA_000234,Z1646203992
1031210-Y5-01,Z06,Mur_Eyerman_set,CC1=NNC=2C=C(NC(=O)CCC3=CNC=N3)C=CC12,OSA_000235,Z1952676944
1031210-Y5-01,A07,Mur_Eyerman_set,CC1CCCN(C1)C=2N=C(NCCOCCO)N=C(N)C2[N+](=O)[O-],OSA_000236,Z241744900
1031210-Y5-01,AA07,Mur_Eyerman_set,OC(=O)CC(NC(=O)CC1=NNC=2C=CC=CC12)C=3C=CC(F)=CC3,OSA_000237,Z1443672224
1031210-Y5-01,AB07,Mur_Eyerman_set,OCC1CCCN1C=2C=C(NCC=3C=CC=4OCOC4C3)N=CN2,OSA_000238,Z1139194703
1031210-Y5-01,AC07,Mur_Eyerman_set,NC=1N=C(CN2CCCCC2C3CNC(=O)C3)N=C4C=CC=CC14,OSA_000239,Z1646424827
1031210-Y5-01,AD07,Mur_Eyerman_set,CC1=NN(C)C=2NN=C(NC(=O)CC=3C=CC(=CC3)[N+](=O)[O-])C12,OSA_000240,Z1205112089
1031210-Y5-01,AE07,Mur_Eyerman_set,OC(=O)CC(NC(=O)C=1C=CC=C2C=NNC12)C=3C=CC(F)=CC3,OSA_000241,Z929744756
1031210-Y5-01,AF07,Mur_Eyerman_set,CCCC=1C=C(NN1)C(=O)NCC=2C=CN=C(C2)N3C=CC=N3,OSA_000242,Z366649676
1031210-Y5-01,B07,Mur_Eyerman_set,CC(C)N1C=C(CN2CCCN(CC2)C(=O)C3=CC(Cl)=CN3)C=N1,OSA_000243,Z1139290388
1031210-Y5-01,C07,Mur_Eyerman_set,NC=1N=C(NCCOCCO)N=C(NCC2CCCO2)C1[N+](=O)[O-],OSA_000244,Z245296262
1031210-Y5-01,D07,Mur_Eyerman_set,CC=1C=C(NC(=O)CSC=2N=C(N)C=3C(C)=C(C)SC3N2)ON1,OSA_000245,Z1116579229
1031210-Y5-01,E07,Mur_Eyerman_set,CC=1C=CC(C(=O)N)=C(OCC=2C=CC(C#N)=CC2F)C1,OSA_000246,Z217923492
1031210-Y5-01,F07,Mur_Eyerman_set,NC(=O)C1CCCN1CC2=NC(=NO2)C=3C=CC=4OCOC4C3,OSA_000247,Z1032350050
1031210-Y5-01,G07,Mur_Eyerman_set,NS(=O)(=O)C1=CC=C(CNC(=O)C2=NNC=3C=CC=CC23)S1,OSA_000248,Z32864072
1031210-Y5-01,H07,Mur_Eyerman_set,C(SC1=NNC(=N1)C=2C=CC=NC2)C3=NOC(=N3)C=4C=CSC4,OSA_000249,Z1095449427
1031210-Y5-01,I07,Mur_Eyerman_set,FC=1C=CC=CC1CNC(=O)C=2C=C(NN2)C=3C=CC=CC3,OSA_000250,Z116884932
1031210-Y5-01,J07,Mur_Eyerman_set,NC=1NN=C(CCCNC2=NC=3C=CC=CC3O2)C1C#N,OSA_000251,Z642600410
1031210-Y5-01,K07,Mur_Eyerman_set,CN(CC1=NC=2C=CC=CC2C(=O)N1)C(=O)CCC=3C=CC=CC3O,OSA_000252,Z190123430
1031210-Y5-01,L07,Mur_Eyerman_set,NC(=O)CCNC(=O)C=1C=CC=CC1NCC(=O)NC=2C=CC=CC2,OSA_000253,Z1171353464
1031210-Y5-01,M07,Mur_Eyerman_set,COC=1C=CC=2C=C(CNC=3N=CN=C4NN=CC34)C=CC2C1,OSA_000254,Z237580922
1031210-Y5-01,N07,Mur_Eyerman_set,COCCNC(=O)C(C)SCC=1N=C(N)C=2C=CC=CC2N1,OSA_000255,Z1137690489
1031210-Y5-01,O07,Mur_Eyerman_set,CN(CC1=NC=2C=CC=CC2C(=O)N1)C(=O)C3=CNC(=O)N3,OSA_000256,Z101496686
1031210-Y5-01,P07,Mur_Eyerman_set,N#CCCN1N=CC=2C(NCC=3C=CNN3)=NC=NC12,OSA_000257,Z990878264
1031210-Y5-01,Q07,Mur_Eyerman_set,NC=1N=C(N)N=C(CN(CC=2C=CC=C(C2)C=3C=CC=NC3)C4CC4)N1,OSA_000258,Z1559477505
1031210-Y5-01,R07,Mur_Eyerman_set,OCC1CCCN1C=2C=C(NCCNC(=O)C=3C=NC=CN3)N=CN2,OSA_000259,Z1139198022
1031210-Y5-01,S07,Mur_Eyerman_set,OC(=O)CC(NC(=O)C=1C=CC=C2C=NNC12)C3=CC=CS3,OSA_000260,Z928843496
1031210-Y5-01,T07,Mur_Eyerman_set,CN1N=C2CCN(CC=3N=C(N)C=4C=CC=CC4N3)CC2=CC1=O,OSA_000261,Z1272715826
1031210-Y5-01,U07,Mur_Eyerman_set,NC=1N=C(CSCC(=O)O)N=C2C=CC=CC12,OSA_000262,Z1515325641
1031210-Y5-01,V07,Mur_Eyerman_set,NC(=O)CCOC=1C=CC=CC1NC(=O)C2=CC=3C=CC=CC3N2,OSA_000263,Z737359742
1031210-Y5-01,W07,Mur_Eyerman_set,CC(C)C1=CC(=NN1)C(=O)NC(CC(=O)O)C=2C=CC=CC2C,OSA_000264,Z1603697552
1031210-Y5-01,X07,Mur_Eyerman_set,COC(=O)C=1N=CN(CC=2N=C(N)C=3C=CC=CC3N2)N1,OSA_000265,Z1184934107
1031210-Y5-01,Y07,Mur_Eyerman_set,NC=1N=CN=C2N(CCCOC3=NN=C(O3)C=4C=CC=CC4)C=NC12,OSA_000266,Z1614820320
1031210-Y5-01,Z07,Mur_Eyerman_set,[O-][N+](=O)C1=CC(CSC=2N=CN=C3NC=NC23)=CS1,OSA_000267,Z1227794655
1031210-Y5-01,A08,Mur_Eyerman_set,NC=1N=C(NCCOCCO)N=C(N2CCCCCC2)C1[N+](=O)[O-],OSA_000268,Z295464032
1031210-Y5-01,AA08,Mur_Eyerman_set,OC(=O)CC(NC(=O)C=1C=CC=C2C=CNC12)C3=CC=CS3,OSA_000269,Z1603232613
1031210-Y5-01,AB08,Mur_Eyerman_set,NC=1N=C(CSCCN2C(=O)CNC2=O)N=C3C=CC=CC13,OSA_000270,Z1137689711
1031210-Y5-01,AC08,Mur_Eyerman_set,O=C1NC(SCC2=NN=C(S2)C=3C=CC=CC3)=NC=4NN=CC14,OSA_000271,Z1697026833
1031210-Y5-01,AD08,Mur_Eyerman_set,NC=1N=CN=C2N(CC(=O)NC=3C=CC=4OCCOC4C3)C=NC12,OSA_000272,Z1143316964
1031210-Y5-01,AE08,Mur_Eyerman_set,CN1N=CN=C1CNC=2C=CC=C(OC=3C=CC=CC3C(=O)N)C2,OSA_000273,Z1385487152
1031210-Y5-01,AF08,Mur_Eyerman_set,NC=1N=C(CSCC=2C=CON2)N=C(NC=3C=CC(F)=CC3)N1,OSA_000274,Z1252790211
1031210-Y5-01,B08,Mur_Eyerman_set,NC=1N=C(CSCC(=O)NC=2C=CC=C(F)C2)N=C3C=CC=CC13,OSA_000275,Z1137690726
1031210-Y5-01,C08,Mur_Eyerman_set,NC(=O)C=1C=CC=C(NC(=O)CC2=CSC(=N2)N3CCCC3=O)C1,OSA_000276,Z95764039
1031210-Y5-01,D08,Mur_Eyerman_set,NC=1N=C(CSCC(=O)NCC2=CC=CS2)N=C3C=CC=CC13,OSA_000277,Z1137690592
1031210-Y5-01,E08,Mur_Eyerman_set,COC=1C=CC(=CC1)C(=O)C(C)SC=2N=C(N)C=3C=CSC3N2,OSA_000278,Z335929974
1031210-Y5-01,F08,Mur_Eyerman_set,NC(=O)C=1C=CN(N1)C=2C=CC=CC2NC(=O)C=3C=CC=4OCCC4C3,OSA_000279,Z1203333452
1031210-Y5-01,G08,Mur_Eyerman_set,COC=1C=CC(OCCOC=2C=C(OC)C=CC2C(=O)N)=CC1,OSA_000280,Z26325497
1031210-Y5-01,H08,Mur_Eyerman_set,CC(C)OC=1C=CC(CSC2=NC=3NN=CC3C(=O)N2)=CC1,OSA_000281,Z1024558214
1031210-Y5-01,I08,Mur_Eyerman_set,COC=1C=C(C=CC1OCC=2N=C(N)N=C(N)N2)C(=O)C,OSA_000282,Z107057210
1031210-Y5-01,J08,Mur_Eyerman_set,CC(SCC=1N=C(N)C=2C=CC=CC2N1)C(=O)NC=3C=C(C)ON3,OSA_000283,Z1137690422
1031210-Y5-01,K08,Mur_Eyerman_set,NC=1N=CC=NC1C(=O)NCC=2C=CC=3OCOC3C2,OSA_000284,Z211302198
1031210-Y5-01,L08,Mur_Eyerman_set,NC(=O)CCSC=1C=CC=CC1NC(=O)C=2C=CC=3OCOC3C2,OSA_000285,Z1126905076
1031210-Y5-01,M08,Mur_Eyerman_set,NC(=O)C=1C=CC(COC=2C=CC=CC2C(=O)N)=CC1,OSA_000286,Z165420976
1031210-Y5-01,N08,Mur_Eyerman_set,COC=1C=CC(OCCSCC2=CC(=O)N3N=C(N)NC3=N2)=CC1,OSA_000287,Z959434124
1031210-Y5-01,O08,Mur_Eyerman_set,O=C(CC1=NOC=2C=CC=CC12)NC=3C=CC=4OCC(=O)NC4C3,OSA_000288,Z99465328
1031210-Y5-01,P08,Mur_Eyerman_set,NC(=O)CC=1C=CC=C(OCC2=NOC(=N2)C=3C=CC(F)=CC3)C1,OSA_000289,Z1162797985
1031210-Y5-01,Q08,Mur_Eyerman_set,CC1=NNC=2N=CC(NS(=O)(=O)C=3C=NC=4C=CSC4C3)=CC12,OSA_000290,Z1587738637
1031210-Y5-01,R08,Mur_Eyerman_set,CCC1=NN(C)C=2NN=C(NC(=O)CCN3C=C(C=N3)[N+](=O)[O-])C12,OSA_000291,Z1212628432
1031210-Y5-01,S08,Mur_Eyerman_set,OC(=O)C(CNC(=O)C=1C=CC=C2C=CNC12)CC=3C=CC=CC3,OSA_000292,Z1603513793
1031210-Y5-01,T08,Mur_Eyerman_set,CC=1NN=C(NC(=O)C=2C=CC=NC2O)C1C=3C=CC=4OCOC4C3,OSA_000293,Z1287588443
1031210-Y5-01,U08,Mur_Eyerman_set,CC=1C=CC=CC1C(CC(=O)O)NC(=O)CC2=NNC=3C=CC=CC23,OSA_000294,Z1603697938
1031210-Y5-01,V08,Mur_Eyerman_set,COC=1C=C2N=C(NCC=3C=CC(C)=NC3)N=C(N)C2=CC1OC,OSA_000295,Z1172756805
1031210-Y5-01,W08,Mur_Eyerman_set,CCCCN(CC=1N=C(N)C=2C=CC=CC2N1)C3CCS(=O)(=O)C3,OSA_000296,Z1646361792
1031210-Y5-01,X08,Mur_Eyerman_set,OC=1C=CC=C(CCNC=2C=C3N=CNC(=O)C3=CC2[N+](=O)[O-])C1,OSA_000297,Z1272279212
1031210-Y5-01,Y08,Mur_Eyerman_set,OC(=O)C(CC=1C=CC(F)=CC1)NC(=O)C=2C=CC=C3C=NNC23,OSA_000298,Z1603657201
1031210-Y5-01,Z08,Mur_Eyerman_set,NC=1N=C(CSCC(=O)NCC(F)(F)F)N=C2C=CC=CC12,OSA_000299,Z1137690433
1031210-Y5-01,A09,Mur_Eyerman_set,CC(NC=1C=CC=C(C1)C(=O)N)C(=O)NC=2C=C(C)ON2,OSA_000300,Z199215096
1031210-Y5-01,AA09,Mur_Eyerman_set,O=C(CNC(=O)C1=CC(=NN1)C2=CC=CS2)C3=CC=CO3,OSA_000301,Z1656606541
1031210-Y5-01,AB09,Mur_Eyerman_set,COC=1C=C2N=C(NCC=3C=C(C)ON3)N=C(N)C2=CC1OC,OSA_000302,Z1172987081
1031210-Y5-01,AC09,Mur_Eyerman_set,CC(C)CC=1C=C(NN1)C(=O)NC2CCC(C2)C(=O)O,OSA_000303,Z1609713553
1031210-Y5-01,AD09,Mur_Eyerman_set,NC(=O)CCSCC=1N=C(N)C=2C=CC=CC2N1,OSA_000304,Z1137690090
1031210-Y5-01,AE09,Mur_Eyerman_set,O=C(CCCC1=NC=2C=CC=CC2C(=O)N1)NC3CCCCNC3=O,OSA_000305,Z727556306
1031210-Y5-01,AF09,Mur_Eyerman_set,FC=1C=CC(CNC(=O)C2=NOC(CN3C=CC(=O)NC3=O)=N2)=CC1,OSA_000306,Z1170065052
1031210-Y5-01,B09,Mur_Eyerman_set,NC=1N=C(CSCC(=O)NC2CCCC2)N=C3C=CC=CC13,OSA_000307,Z1137690438
1031210-Y5-01,C09,Mur_Eyerman_set,CC=1SC=2N=C(COC=3C=CC=CC3C#N)N=C(N)C2C1C,OSA_000308,Z193670946
1031210-Y5-01,D09,Mur_Eyerman_set,NC(=O)C=1C=CC=CC1OCCN2C=NC=3C=CC=CC3C2=O,OSA_000309,Z1222455261
1031210-Y5-01,E09,Mur_Eyerman_set,CC(N(C)CC=1C=NN(C)C1)C=2N=C(N)N=C(N2)N(C)C,OSA_000310,Z195767192
1031210-Y5-01,F09,Mur_Eyerman_set,CC=1C=C(C)N(CC2CCCN2C(=O)CC3=NNC=4C=CC=CC34)N1,OSA_000311,Z1139323858
1031210-Y5-01,G09,Mur_Eyerman_set,CC=1C=CC(NC2=NC(CN3CCNC(=O)C3)=CS2)=CC1,OSA_000312,Z46335179
1031210-Y5-01,H09,Mur_Eyerman_set,CC1=CC(NC(=O)C(N2CCC(C2)C(=O)N)C=3C=CC=CC3)=NO1,OSA_000313,Z434059434
1031210-Y5-01,I09,Mur_Eyerman_set,NC(=O)C=1C=CC(Cl)=CC1NCC=2C=CC(=CC2)N3C=CC=N3,OSA_000314,Z368759930
1031210-Y5-01,J09,Mur_Eyerman_set,OCCN1N=CC=2C(NCCC=3C=CC=4OCOC4C3)=NC=NC12,OSA_000315,Z990848554
1031210-Y5-01,K09,Mur_Eyerman_set,O=C(NC=1C=CC=C(OC=2C=NC=CN2)C1)C3=CC=4C=CC=CC4N3,OSA_000316,Z367145654
1031210-Y5-01,L09,Mur_Eyerman_set,NC=1NN=C(CCCNC=2N=CN=C3N(CCO)N=CC23)C1C#N,OSA_000317,Z990845858
1031210-Y5-01,M09,Mur_Eyerman_set,COCC(C)NC(=O)CCC1=C(C)C=2C(C)=NN(C)C2NC1=O,OSA_000318,Z370757596
1031210-Y5-01,N09,Mur_Eyerman_set,CC1=NN(C)C=2NC(=O)C(CCC(=O)NCCC3=CC=CO3)=C(C)C12,OSA_000319,Z370820222
1031210-Y5-01,O09,Mur_Eyerman_set,ClC=1C=CC=C(C1)C2=CC(=NN2)C(=O)NC3=NN=C(S3)C4CC4,OSA_000320,Z370478790
1031210-Y5-01,P09,Mur_Eyerman_set,OC=1C=CC=CC1C=2C=C(NN2)C(=O)NCC=3C=CC=4OCOC4C3,OSA_000321,Z1213670840
1031210-Y5-01,Q09,Mur_Eyerman_set,NC=1N=C(NC2CCCN(CCO)C2=O)N=CC1[N+](=O)[O-],OSA_000322,Z1716589504
1031210-Y5-01,R09,Mur_Eyerman_set,COC=1C=CC(NC(=O)C2CCCN2C=3N=CN=C4NN=CC34)=CC1,OSA_000323,Z1192076899
1031210-Y5-01,S09,Mur_Eyerman_set,CS(=O)(=O)CC=1C=CC(CNC(=O)C=2N=CC=NC2N)=CC1,OSA_000324,Z757978954
1031210-Y5-01,T09,Mur_Eyerman_set,CN1CCCN(CC1)C=2C=CC(C#N)=CC2Cl,OSA_000325,Z1267773828
1031210-Y5-01,U09,Mur_Eyerman_set,O=C(CC1=NOC=2C=CC=CC12)NCCNC(=O)C3=CC=NN3,OSA_000326,Z1633947241
1031210-Y5-01,V09,Mur_Eyerman_set,CCC1=NC(=NO1)C2CCCN2C(=O)CC3=NNC=4C=CC=CC34,OSA_000327,Z1268793772
1031210-Y5-01,W09,Mur_Eyerman_set,COC=1C=CC(OC)=C(C1)C2CCCN2CC=3N=C(N)N=C(N)N3,OSA_000328,Z98478092
1031210-Y5-01,X09,Mur_Eyerman_set,CC(NC=1N=CC([N+](=O)[O-])=C(N)N1)C=2C=CC(=CC2)N3C=CC=N3,OSA_000329,Z1281746494
1031210-Y5-01,Y09,Mur_Eyerman_set,CCS(=O)(=O)CC(C)N(C)CC=1N=C(N)C=2C=CC=CC2N1,OSA_000330,Z1646280879
1031210-Y5-01,Z09,Mur_Eyerman_set,CC(NC=1N=CC([N+](=O)[O-])=C(N)N1)C=2C=CC=C(C2)N3C=CN=C3,OSA_000331,Z1272649563
1031210-Y5-01,A10,Mur_Eyerman_set,CC=1N=CNC(=O)C1CCC(=O)NC2=NC(=CS2)C=3C=CC=NC3,OSA_000332,Z361977892
1031210-Y5-01,AA10,Mur_Eyerman_set,CS(=O)CC=1C=CC=CC1NC(=O)C2=CC=3C=C(F)C=CC3N2,OSA_000333,Z1695813672
1031210-Y5-01,AB10,Mur_Eyerman_set,CCN(C)C(=O)NC=1C=CC(C#N)=CC1,OSA_000334,Z642326440
1031210-Y5-01,AC10,Mur_Eyerman_set,CC=1OC=2N=C(CN3C=NC(C#N)=C3C#N)N=C(N)C2C1C,OSA_000335,Z1696936165
1031210-Y5-01,AD10,Mur_Eyerman_set,CC=1C=C(ON1)C(=O)N2CCCC(C2)C=3C=C(NN3)C(F)(F)F,OSA_000336,Z1269691328
1031210-Y5-01,AE10,Mur_Eyerman_set,CS(=O)(=O)N1CCCN(CC=2N=C(N)N=C(N)N2)CC1,OSA_000337,Z283666198
1031210-Y5-01,AF10,Mur_Eyerman_set,CC(C)C1=NNC(=N1)C2CN(CCO2)C(=O)CCN3C=CN=N3,OSA_000338,Z1268776368
1031210-Y5-01,B10,Mur_Eyerman_set,COC=1C=CC(NC2=NC(=CS2)C=3C=CC(O)=CC3O)=CC1,OSA_000339,Z48856940
1031210-Y5-01,C10,Mur_Eyerman_set,FC=1C=CC(=CC1)C2=CC(=NN2)C(=O)NC3=NN=C(S3)C4CC4,OSA_000340,Z370478792
1031210-Y5-01,D10,Mur_Eyerman_set,CC=1C=CC(CNC(=O)C2=CC(=NN2)C=3C=C(C)C=C(C)C3O)=CC1,OSA_000341,Z1213673036
1031210-Y5-01,E10,Mur_Eyerman_set,CCC1=NN=C(NC(=O)C=2C=C(NN2)C=3C=CC=CC3Cl)S1,OSA_000342,Z370477906
1031210-Y5-01,F10,Mur_Eyerman_set,NC=1N=C(CN2N=CC=C2[N+](=O)[O-])N=C3C=CC=CC13,OSA_000343,Z1456352580
1031210-Y5-01,G10,Mur_Eyerman_set,CC(C)C=1C=CC=C(NC(=O)C2=CC=3C=C(F)C=CC3N2)C1,OSA_000344,Z301140786
1031210-Y5-01,H10,Mur_Eyerman_set,CC=1SC=2N=C(CN3C=NC(C#N)=N3)N=C(N)C2C1C,OSA_000345,Z228468614
1031210-Y5-01,I10,Mur_Eyerman_set,CC(NC(=O)C=1C=C(NN1)C=2C=CC=CC2)C3=NN=CN3C,OSA_000346,Z425548762
1031210-Y5-01,J10,Mur_Eyerman_set,NC=1N=C(CSC2=NN=C(NC3CC3)S2)N=C4C=CC=CC14,OSA_000347,Z167927522
1031210-Y5-01,K10,Mur_Eyerman_set,O=C(NC=1C=CC=C(NC(=O)C2=CC=3C=CC=CC3N2)C1)C4CC4,OSA_000348,Z316734936
1031210-Y5-01,L10,Mur_Eyerman_set,CC(NC(=O)CCC1=C(C)NC(=O)NC1=O)C=2C=CC=CN2,OSA_000349,Z238018648
1031210-Y5-01,M10,Mur_Eyerman_set,OC=1N=CC=CC1C(=O)NCC=2C=CC=NC2N3C=NC=N3,OSA_000350,Z423955510
1031210-Y5-01,N10,Mur_Eyerman_set,O=C(NCC=1C=CC=2OCOC2C1)C=3C=CC=C(C3)N4CCNC4=O,OSA_000351,Z415212312
1031210-Y5-01,O10,Mur_Eyerman_set,NC(=O)C=1C=CC=C(C1)C(=O)NC(C2CCCC2)C3=CC=CS3,OSA_000352,Z408136572
1031210-Y5-01,P10,Mur_Eyerman_set,O=C(NCC=1C=CC=NC1)C=2C=CC=C(C2)N3CCNC3=O,OSA_000353,Z415223258
1031210-Y5-01,Q10,Mur_Eyerman_set,O=C1NC(SCCC=2C=CC=3OCCC3C2)=NC=4NN=CC14,OSA_000354,Z1783424244
1031210-Y5-01,R10,Mur_Eyerman_set,CC(NC=1N=CC([N+](=O)[O-])=C(N)N1)C=2C=CC=C(C2)N3C=NC=N3,OSA_000355,Z1324017370
1031210-Y5-01,S10,Mur_Eyerman_set,NC(=O)C=1C(F)=CC=CC1OCCC=2C=CC=3OCCC3C2,OSA_000356,Z1783475778
1031210-Y5-01,T10,Mur_Eyerman_set,O=C(NC=1C=CC=C2C=NNC12)C=3C=CC=C(C3)N4CCCNC4=O,OSA_000357,Z1329975813
1031210-Y5-01,U10,Mur_Eyerman_set,CCC=1C=C(NN1)C(=O)NC2=NNC(CC=3C=CC=C(F)C3)=N2,OSA_000358,Z1637285222
1031210-Y5-01,V10,Mur_Eyerman_set,CCCC1=NNC(=N1)C2CN(CCO2)C(=O)CC=3C=CC=NC3,OSA_000359,Z1268777463
1031210-Y5-01,W10,Mur_Eyerman_set,CC1=NN(C)C=2NN=C(NC(=O)C=3C=CC=CC3N4C=CN=N4)C12,OSA_000360,Z1656164992
1031210-Y5-01,X10,Mur_Eyerman_set,NC(=O)C1=CC(=NN1)C2CCCN(C2)C(=O)CCC=3C=CN=CC3,OSA_000361,Z1269668088
1031210-Y5-01,Y10,Mur_Eyerman_set,COC=1C=CN=C(CSCC=2N=C(N)C=3C=CC=CC3N2)C1,OSA_000362,Z1700536967
1031210-Y5-01,Z10,Mur_Eyerman_set,COCC1=NC(=CS1)C(=O)N2CCCC(C2)C=3C=C(NN3)C(=O)N,OSA_000363,Z1269676814
1031210-Y5-01,A11,Mur_Eyerman_set,NC(=O)CC1=CSC(NC(=O)CN2C=CC=CC2=O)=N1,OSA_000364,Z256910566
1031210-Y5-01,AA11,Mur_Eyerman_set,COC=1C=CC=CC1CN(C)C2=NC(=O)C=3C=NNC3N2,OSA_000365,Z1725291463
1031210-Y5-01,AB11,Mur_Eyerman_set,CC1=NC(CC(=O)N2CCCC(C2)C=3C=C(NN3)C(=O)N)=CS1,OSA_000366,Z1269659108
1031210-Y5-01,AC11,Mur_Eyerman_set,CCOC=1C=NC=C(N1)N2CCC(C2)N3C=CC(NC(=O)C)=N3,OSA_000367,Z1754369356
1031210-Y5-01,AD11,Mur_Eyerman_set,CC=1SC=2N=C(SCC=3C=CC=C(C3)[N+](=O)[O-])N=C(N)C2C1C,OSA_000368,Z336006826
1031210-Y5-01,AE11,Mur_Eyerman_set,CCCN1C=C(CN2CCCC2C3=NC(=NO3)C(=O)N)C=N1,OSA_000369,Z1757876196
1031210-Y5-01,AF11,Mur_Eyerman_set,COCC1=NOC(=N1)C=2C=CC=C(C2)C3=NNC(C)=N3,OSA_000370,Z1381360106
1031210-Y5-01,B11,Mur_Eyerman_set,CN(CC=1C=C(C)ON1)C(=O)C=2C=CC=CC2OCC(=O)N,OSA_000371,Z375691710
1031210-Y5-01,C11,Mur_Eyerman_set,OC=1C=CN=CC1NC(=O)C=2C=CC=C(NC(=O)C=3C=CC=NC3)C2,OSA_000372,Z595802756
1031210-Y5-01,D11,Mur_Eyerman_set,OC(=O)C=1C=CC=CC1CC(=O)NC=2C=CC=C(C2)N3CCNC3=O,OSA_000373,Z812954026
1031210-Y5-01,E11,Mur_Eyerman_set,CN1C(CSC2=NC=3NN=CC3C(=O)N2)=CC(=O)N(C)C1=O,OSA_000374,Z359630092
1031210-Y5-01,F11,Mur_Eyerman_set,OC(=O)CC(NC(=O)C=1C=C(NN1)C2CC2)C=3C=CC=CC3Cl,OSA_000375,Z372731156
1031210-Y5-01,G11,Mur_Eyerman_set,NC(=O)CC1=CSC(NC(=O)CN2N=NC=3C=CC=CC23)=N1,OSA_000376,Z221489362
1031210-Y5-01,H11,Mur_Eyerman_set,CC(C)C1=CC(=NN1)C(=O)NC2CCN(CC2)C(=O)C,OSA_000377,Z463320776
1031210-Y5-01,I11,Mur_Eyerman_set,CC1=NC(=NN1)C=2C=CC=C(NC(=O)CC3=NOC=4C=CC=CC34)C2,OSA_000378,Z605714984
1031210-Y5-01,J11,Mur_Eyerman_set,CC(C)(C)C1=CN2N=C(NCCCC3=NNC(N)=C3C#N)SC2=N1,OSA_000379,Z728964912
1031210-Y5-01,K11,Mur_Eyerman_set,O=C(NC=1C=CC=C(CN2C(=O)CNC2=O)C1)C3=CC=CS3,OSA_000380,Z366489576
1031210-Y5-01,L11,Mur_Eyerman_set,NC(=O)CN1CCC(CC1)NC(=O)CC2=NNC(=O)C=3C=CC=CC23,OSA_000381,Z230019828
1031210-Y5-01,M11,Mur_Eyerman_set,CN1CCN(CC1)C(=O)C=2C=CC(N)=CC2,OSA_000382,Z763366252
1031210-Y5-01,N11,Mur_Eyerman_set,O=C1CNC(=O)N1CC=2C=CC(=CC2)C3=NC=4C=CSC4C(=O)N3,OSA_000383,Z666621402
1031210-Y5-01,O11,Mur_Eyerman_set,CC=1C=CC(=CC1C(=O)N)S(=O)(=O)N2CCNC(=O)C2,OSA_000384,Z369188228
1031210-Y5-01,P11,Mur_Eyerman_set,CC(NC(=O)C=1C=CC=C(C1)N2CCNC2=O)C=3C=CC=NC3,OSA_000385,Z415230368
1031210-Y5-01,Q11,Mur_Eyerman_set,CCNC1=NC=C(S1)C(=O)NC2=NC=3C=C(F)C=CC3N2C,OSA_000386,Z1464284046
1031210-Y5-01,R11,Mur_Eyerman_set,FC(F)(F)C1=CC(=NN1)C2CCCN(C2)C(=O)C3=CSN=N3,OSA_000387,Z1269695557
1031210-Y5-01,S11,Mur_Eyerman_set,CC=1C=CN2C(NCC3=CC(C#N)=CS3)=NN=C2C1,OSA_000388,Z1728584311
1031210-Y5-01,T11,Mur_Eyerman_set,NC=1C=CN=C(CNC=2N=CN=C3N(N=CC23)C=4C=CC=CC4)N1,OSA_000389,Z1430528865
1031210-Y5-01,U11,Mur_Eyerman_set,CC=1C=CC=CC1C(CC(=O)O)NC(=O)C=2C=CC=C3C=NNC23,OSA_000390,Z1603698477
1031210-Y5-01,V11,Mur_Eyerman_set,CC(NC(=O)CSC=1C=CC(O)=CC1)C=2C=CC=3NC(=O)CC3C2,OSA_000391,Z666182210
1031210-Y5-01,W11,Mur_Eyerman_set,CN(CCCC1=NNC(N)=C1C#N)C2=NN=C(S2)C=3C=CC=CN3,OSA_000392,Z1679672955
1031210-Y5-01,X11,Mur_Eyerman_set,CN(C)C(=O)N1CCN(CC=2N=C(N)C=3C(C)=C(C)OC3N2)CC1,OSA_000393,Z1434151429
1031210-Y5-01,Y11,Mur_Eyerman_set,CC(C(C)S(=O)(=O)C)N(C)CC=1N=C(N)C=2C=CC=CC2N1,OSA_000394,Z1646281215
1031210-Y5-01,Z11,Mur_Eyerman_set,CCC=1NN=C(NCC2=CN(C)N=C2C=3C=CC=NC3)C1C,OSA_000395,Z1434063702
1031210-Y5-01,A12,Mur_Eyerman_set,CCOC(=O)C1CCN(CC=2N=C(N)C=3C=CC=CC3N2)CC1,OSA_000396,Z195558914
1031210-Y5-01,AA12,Mur_Eyerman_set,OC(=O)C=1C=CC=C(CNC(=O)C=2NN=CC2Br)C1,OSA_000397,Z1599318716
1031210-Y5-01,AB12,Mur_Eyerman_set,CC(=O)NC1=NC(=CS1)C(=O)N2CCCC(C2)C=3C=C(C)NN3,OSA_000398,Z1269732229
1031210-Y5-01,AC12,Mur_Eyerman_set,CN(C)C(=O)COC=1C=CC=C(CNC=2N=CN=C3N=CNC23)C1,OSA_000399,Z646130978
1031210-Y5-01,AD12,Mur_Eyerman_set,COC=1C=CC(=CC1)C2=NN(CC(=O)N)C(=O)C=3C=CC=CC23,OSA_000400,Z1230738271
1031210-Y5-01,AE12,Mur_Eyerman_set,OC(=O)C=1C=CC=C(CNC(=O)CC2=NNC=3C=CC=CC23)C1,OSA_000401,Z1444935286
1031210-Y5-01,AF12,Mur_Eyerman_set,O=C(NC=1C=CC=2NN=NC2C1)C=3C=CC=CC3CN4C=NC=N4,OSA_000402,Z1420694225
1031210-Y5-01,B12,Mur_Eyerman_set,CN(CC1=CN=C(C)S1)CC=2N=C(N)C=3C=CC=CC3N2,OSA_000403,Z650324494
1031210-Y5-01,C12,Mur_Eyerman_set,CC(O)CNC(=O)C1=CC(C)=NC2=C(C=NN12)C(=O)N,OSA_000404,Z730527164
1031210-Y5-01,D12,Mur_Eyerman_set,CC=1C=CC(=CC1C(=O)N)S(=O)(=O)NCC2CCOC2,OSA_000405,Z414644216
1031210-Y5-01,E12,Mur_Eyerman_set,CC(C=1N=C(N)N=C(N1)N(C)C)N2N=NC(=N2)C=3C=CC(C)=CC3,OSA_000406,Z195777550
1031210-Y5-01,F12,Mur_Eyerman_set,O=C(NCCC1CCCO1)C=2C=CC=C(C2)N3CCNC3=O,OSA_000407,Z640965314
1031210-Y5-01,G12,Mur_Eyerman_set,COC=1C=CC(=CC1)C2CCCN2C(=O)CC3=C(C)N=C(C)NC3=O,OSA_000408,Z402670418
1031210-Y5-01,H12,Mur_Eyerman_set,CCC1=NOC(CSC=2N=C(N)C=3C(C)=C(C)SC3N2)=N1,OSA_000409,Z336009532
1031210-Y5-01,I12,Mur_Eyerman_set,CC(C=1N=C(N)N=C(N1)N(C)C)N2N=NC(=N2)C=3C=CC(Cl)=CC3,OSA_000410,Z195777918
1031210-Y5-01,J12,Mur_Eyerman_set,CC(C)(C)C1=NOC(CCC(=O)NC2=NN=CN2)=N1,OSA_000411,Z402773276
1031210-Y5-01,K12,Mur_Eyerman_set,COC=1C=CC(NC(=O)C=2C=CC(C)=C(F)C2)=CC1S(=O)(=O)N,OSA_000412,Z108232150
1031210-Y5-01,L12,Mur_Eyerman_set,O=C1COC=2C=CC(=CC2N1)S(=O)(=O)NCCN3C=CN=C3,OSA_000413,Z271357426
1031210-Y5-01,M12,Mur_Eyerman_set,CC=1OC(=NC1CSC2=NC=3NN=CC3C(=O)N2)C=4C=CC=CC4,OSA_000414,Z359630102
1031210-Y5-01,N12,Mur_Eyerman_set,O=C(NCCNC1=NC=2C=CC=CC2S1)NC3CCCCNC3=O,OSA_000415,Z505783438
1031210-Y5-01,O12,Mur_Eyerman_set,CC(NCC=1C=NC=2NN=C(C)C2C1)C=3C=CC=4OCCCOC4C3,OSA_000416,Z649943484
1031210-Y5-01,P12,Mur_Eyerman_set,NC(=O)C=1C=CC=C(C1)C(=O)NCCNC=2C=NC=CN2,OSA_000417,Z372657268
1031210-Y5-01,Q12,Mur_Eyerman_set,CN1C=NC=2CN(CCC2C1=O)C(=O)C=3C=CC=C4C=NNC34,OSA_000418,Z1757134012
1031210-Y5-01,R12,Mur_Eyerman_set,COCCC1=NOC(=N1)C=2C=CC=C(C2)C3=NNC(C)=N3,OSA_000419,Z1381359081
1031210-Y5-01,S12,Mur_Eyerman_set,CC(C(=O)NC1=NNC=2C=CC(=CC12)C(F)(F)F)S(=O)(=O)C,OSA_000420,Z1833927283
1031210-Y5-01,T12,Mur_Eyerman_set,CC=1C=CC(NC(=O)CCCC2=NC=3C=CC=CC3C(=O)N2)=CC1O,OSA_000421,Z1430614303
1031210-Y5-01,U12,Mur_Eyerman_set,CN1C=C(C=N1)[C@H]2OCC[C@@H]2NC(=O)C3=CC(Cl)=CN3,OSA_000422,Z1756530754
1031210-Y5-01,V12,Mur_Eyerman_set,NC=1N=C(CSCC=2C=CC(=CC2)N3C=CC=N3)N=C4C=CC=CC14,OSA_000423,Z220516810
1031210-Y5-01,W12,Mur_Eyerman_set,NC(=O)C1=NOC(=N1)C2CCCN2CC=3C=NN4C=CC=CC34,OSA_000424,Z1757876820
1031210-Y5-01,X12,Mur_Eyerman_set,CC(C)(CNC=1N=CC([N+](=O)[O-])=C(N)N1)C=2C=CC=3OCOC3C2,OSA_000425,Z940779128
1031210-Y5-01,Y12,Mur_Eyerman_set,COC=1C=CC(=CC1)C(NC2=NC(=O)C=3C=NNC3N2)C(C)C,OSA_000426,Z1725304079
1031210-Y5-01,Z12,Mur_Eyerman_set,CC1=NN(C)C=2NN=C(NC(=O)CN3CCC=4SC=CC4C3)C12,OSA_000427,Z1205112321
1031210-Y5-01,A13,Mur_Eyerman_set,N#CC=1C=CC=CC1CN2CCCC2,OSA_000428,Z55002275
1031210-Y5-01,AA13,Mur_Eyerman_set,CNS(=O)(=O)CC=1C=CC(CNC(=O)C=2C=CNN2)=CC1,OSA_000429,Z466715476
1031210-Y5-01,AB13,Mur_Eyerman_set,CC1=NC(COC=2C=CC=CC2C(=O)NC=3C=CC4=CNN=C4C3)=NO1,OSA_000430,Z1081524668
1031210-Y5-01,AC13,Mur_Eyerman_set,NC(=O)COC=1C=CC=C(NC(=O)C2=CC=3C=C(Cl)C=CC3N2)C1,OSA_000431,Z301431984
1031210-Y5-01,AD13,Mur_Eyerman_set,CCC1=CC(=O)N2N=C(OC=3C=C(C=CC3C)C(=O)N)SC2=N1,OSA_000432,Z1127124609
1031210-Y5-01,AE13,Mur_Eyerman_set,OC(=O)C1=CC=C(CSC2=NN=C3NC=4C=CC=CC4N23)O1,OSA_000433,Z224062218
1031210-Y5-01,AF13,Mur_Eyerman_set,CC1(CCN(C1)C(=O)CCN2C(=O)NC(=O)C=3C=CC=CC23)C(=O)O,OSA_000434,Z1445591698
1031210-Y5-01,B13,Mur_Eyerman_set,O=C1NCCCC1NCC=2C=CC=C(OCC=3C=CC=CN3)C2,OSA_000435,Z1003932498
1031210-Y5-01,C13,Mur_Eyerman_set,COC=1C=CC(NC(C)C2CC2)=CC1,OSA_000436,Z1029460372
1031210-Y5-01,D13,Mur_Eyerman_set,C(NC=1N=C(N=C2C=CC=CC12)C=3C=CC=NC3)C=4C=CNN4,OSA_000437,Z644911980
1031210-Y5-01,E13,Mur_Eyerman_set,CN1CCN(CC1)C=2C=CC=NC2,OSA_000438,Z1837077123
1031210-Y5-01,F13,Mur_Eyerman_set,FC=1C=CC(CNC2=NC=CN(C=3C=CC=C(Cl)C3)C2=O)=CC1,OSA_000439,Z1157795830
1031210-Y5-01,G13,Mur_Eyerman_set,C(NC=1C=CC=C(OC=2C=CC=CN2)C1)C=3C=CNN3,OSA_000440,Z1626044416
1031210-Y5-01,H13,Mur_Eyerman_set,CCC1=NN(C)C=2NN=C(NC(=O)CC=3C=CC(=CC3)N4C=CC=N4)C12,OSA_000441,Z1212626878
1031210-Y5-01,I13,Mur_Eyerman_set,O=C(N1CCCCC1C=2N=CNN2)C3=CN=C4C=CC=CN34,OSA_000442,Z1603063499
1031210-Y5-01,J13,Mur_Eyerman_set,NC(=O)C1COCCN1CC=2C=CC(OCC=3C=CC=CC3F)=NC2,OSA_000443,Z1731807231
1031210-Y5-01,K13,Mur_Eyerman_set,O=C(N[C@H]1CCO[C@@H]1C=2C=CC=NC2)C3=NNC=4CCCC34,OSA_000444,Z1756624842
1031210-Y5-01,L13,Mur_Eyerman_set,CC1OC=2C=CC(NC(=O)CC3=CN=CS3)=CC2NC1=O,OSA_000445,Z1778594783
1031210-Y5-01,M13,Mur_Eyerman_set,CC1=CC(=NN1)C(=O)NC(CCC(=O)O)C=2C=CC=CC2,OSA_000446,Z1444478080
1031210-Y5-01,N13,Mur_Eyerman_set,CC(C(=O)NC(C(=O)NC=1C=CNN1)C=2C=CC=CC2)C=3C=CC=CN3,OSA_000447,Z2027574086
1031210-Y5-01,O13,Mur_Eyerman_set,CC(C)C(NC(=O)C=1C=CNN1)C2=NC(=NO2)C=3C=CC=CC3,OSA_000448,Z908179396
1031210-Y5-01,P13,Mur_Eyerman_set,O=C(NC=1C=CC(=CC1)C2=NC=CO2)N3CCOCC3C=4N=CNN4,OSA_000449,Z2056670311
1031210-Y5-01,Q13,Mur_Eyerman_set,CN(CC1=NC=2C=CSC2C(=O)N1)C(=O)C3=NNC=4C=CC=CC34,OSA_000450,Z229769862
1031210-Y5-01,R13,Mur_Eyerman_set,CC(NC(=O)C=1C=CNN1)C2=NC(=CS2)C=3C=CC=NC3,OSA_000451,Z1174947567
1031210-Y5-01,S13,Mur_Eyerman_set,CC=1OC=2N=CNC(=O)C2C1C(=O)NCCC=3C=CC=4OCOC4C3,OSA_000452,Z98624459
1031210-Y5-01,T13,Mur_Eyerman_set,COC=1C=CC(=CC1)C2CC2C(=O)NC3=NNC=4N(C)N=C(C)C34,OSA_000453,Z1205112379
1031210-Y5-01,U13,Mur_Eyerman_set,COC=1C=CC(=CC1)C2=NN=C(COC=3C=CC=CC3C(=O)N)O2,OSA_000454,Z167725780
1031210-Y5-01,V13,Mur_Eyerman_set,CC(C(=O)NC=1C=CC=C(NCC=2C=CNN2)C1)N3C=CC=N3,OSA_000455,Z1462270658
1031210-Y5-01,W13,Mur_Eyerman_set,NC=1N=C(SCC=2N=CON2)N=C3SC=4CCCCC4C13,OSA_000456,Z193733986
1031210-Y5-01,X13,Mur_Eyerman_set,COC=1C=CC(=CC1)N2C=C(CNC=3C=NNC(=O)C3Cl)N=N2,OSA_000457,Z1396661910
1031210-Y5-01,Y13,Mur_Eyerman_set,CCN(CC1=NC=2C=CC=CC2C(=O)N1)C(=O)C3=NNC=4C=CC=CC34,OSA_000458,Z84959970
1031210-Y5-01,Z13,Mur_Eyerman_set,CCC=1C=C(NN1)C(=O)NC2CCN(C2)C(=O)C=3C=CC=CN3,OSA_000459,Z1467080296
1031210-Y5-01,A14,Mur_Eyerman_set,CC1=CC(=NN1)C2CCCN(C2)C(=O)CCN3C=CC=CC3=O,OSA_000460,Z1269729596
1031210-Y5-01,AA14,Mur_Eyerman_set,NC=1N=C(COC=2C=CC=CC2C#N)N=C3C=CC=CC13,OSA_000461,Z167812982
1031210-Y5-01,AB14,Mur_Eyerman_set,OC(=O)CC1CN(CCO1)C(=O)C=2C=C(NN2)C3=CC=CS3,OSA_000462,Z1603549284
1031210-Y5-01,AC14,Mur_Eyerman_set,CC(C)N(CC1=NC=2C=CC=CC2C(=O)N1)C(=O)C=3C=CC=NC3O,OSA_000463,Z991890658
1031210-Y5-01,AD14,Mur_Eyerman_set,CC(SC=1N=C(N)C=2C(C)=C(C)SC2N1)C(=O)NC(=O)N,OSA_000464,Z324593550
1031210-Y5-01,AE14,Mur_Eyerman_set,CCS(=O)(=O)NC=1C=CC=CC1C(=O)NC=2C=CC3=CNN=C3C2,OSA_000465,Z1081521234
1031210-Y5-01,AF14,Mur_Eyerman_set,COC=1C=CC(COC=2C=CC=CC2C(=O)N)=CC1,OSA_000466,Z199942268
1031210-Y5-01,B14,Mur_Eyerman_set,O=C(NCC1=NC(=CN1)C=2C=CC=C(C#N)C2)C3CCCC=4NN=CC34,OSA_000467,Z1549126187
1031210-Y5-01,C14,Mur_Eyerman_set,COCC1=NN(CC2=CSC(NC=3C=CC=CC3)=N2)C(=O)O1,OSA_000468,Z1544958954
1031210-Y5-01,D14,Mur_Eyerman_set,CC(C)C(NC1=NN2C=C(C)N=C2S1)C3=NC(=NO3)C4=NN=CN4,OSA_000469,Z1498266805
1031210-Y5-01,E14,Mur_Eyerman_set,CCC1=NC(CN2CCCC(C2)C=3C=C(NN3)C(=O)N)=NO1,OSA_000470,Z1269657050
1031210-Y5-01,F14,Mur_Eyerman_set,CC1=CN2N=C(NCCC3=NNC(=O)N3)SC2=N1,OSA_000471,Z1317591805
1031210-Y5-01,G14,Mur_Eyerman_set,C1CC(C2=NOC(=N2)C=3C=CC=C4C=CNC34)C=5C=CC=CC5C1,OSA_000472,Z1649198766
1031210-Y5-01,H14,Mur_Eyerman_set,NC(=O)CCN(C(=O)CN1C=NC(C#N)=N1)C=2C=CC(F)=CC2,OSA_000473,Z228468538
1031210-Y5-01,I14,Mur_Eyerman_set,CCC1=NN=C2CCC(CNC(C(=O)N)C=3C=CC=CC3)CN12,OSA_000474,Z1139419618
1031210-Y5-01,J14,Mur_Eyerman_set,CN(C)C=1N=C(N)N=C(CN2C=NC=3C=CC=CC3C2=O)N1,OSA_000475,Z168931710
1031210-Y5-01,K14,Mur_Eyerman_set,CCC1=CC(=NN1)C(=O)NC(CC(=O)O)C=2C=CC(F)=CC2,OSA_000476,Z1443671489
1031210-Y5-01,L14,Mur_Eyerman_set,O=C(NCCN1N=C2C=CC=CN2C1=O)C=3C=C(NN3)C4CC4,OSA_000477,Z816643200
1031210-Y5-01,M14,Mur_Eyerman_set,CC(=O)NC=1C=CN(N1)C2CCN(CC=3SC=NC3C)C2,OSA_000478,Z1757700501
1031210-Y5-01,N14,Mur_Eyerman_set,O=C1CNC(=O)N1CC2=NC(=CS2)C=3C=CC=4OCCOC4C3,OSA_000479,Z840914790
1031210-Y5-01,O14,Mur_Eyerman_set,O=C(N[C@H]1CCO[C@@H]1C=2C=CC=NC2)C3=NNC=4C=CC=CC34,OSA_000480,Z1756623868
1031210-Y5-01,P14,Mur_Eyerman_set,CN(C)C=1N=C(N)N=C(COC=2C=CC=C(C2)C3=NN=CO3)N1,OSA_000481,Z356378012
1031210-Y5-01,Q14,Mur_Eyerman_set,FC=1C=CC(OC=2C=CC(CNC=3N=CN=C4N=CNC34)=CN2)=CC1,OSA_000482,Z646004850
1031210-Y5-01,R14,Mur_Eyerman_set,CCC=1C=CC(NC(=O)C=2C=CC(Cl)=CN2)=CC1S(=O)(=O)N,OSA_000483,Z1231741282
1031210-Y5-01,S14,Mur_Eyerman_set,OCCN1N=CC=2C(CCCC21)NC=3N=CN=C4SC=CC34,OSA_000484,Z645320010
1031210-Y5-01,T14,Mur_Eyerman_set,CN(C)C(=O)C1CCC(CNC(=O)C2=NNC=3CCCCCC23)O1,OSA_000485,Z1833765715
1031210-Y5-01,U14,Mur_Eyerman_set,O=C(NCCN1N=C2C=CC=CN2C1=O)C=3C=C(NN3)C=4C=CC=CC4,OSA_000486,Z786122912
1031210-Y5-01,V14,Mur_Eyerman_set,CC=1C=CC(NS(=O)(=O)C=2C=CC(=CC2)C(=O)O)=C(O)N1,OSA_000487,Z1838746682
1031210-Y5-01,W14,Mur_Eyerman_set,COC=1C=CC(NC(=O)C=2C=NC=CN2)=CC1OCC(=O)N,OSA_000488,Z435533268
1031210-Y5-01,X14,Mur_Eyerman_set,NC(=O)C[C@@H](NC(=O)C=1C=NC=C(F)C1)C=2C=CC=C(Cl)C2,OSA_000489,Z1414196069
1031210-Y5-01,Y14,Mur_Eyerman_set,O=C(NC=1C=CC=CC1)C=2C=CC(CN3C(=O)CNC3=O)=CC2,OSA_000490,Z18357537
1031210-Y5-01,Z14,Mur_Eyerman_set,CC(C)CC=1C=C(NN1)C(=O)NCC2=NC(=NO2)C=3C=CC=CN3,OSA_000491,Z1175169619
1031210-Y5-01,A15,Mur_Eyerman_set,CC(C)C1=CC(=NN1)C(=O)N[C@H]2CCO[C@@H]2C=3C=CC=NC3,OSA_000492,Z1756622000
1031210-Y5-01,AA15,Mur_Eyerman_set,CCC1=NN=C2CN(CCN12)C(=O)C3=CC(C)=CC4=CNN=C34,OSA_000493,Z1139301323
1031210-Y5-01,AB15,Mur_Eyerman_set,NC(=O)C=1C=C(Cl)C=CC1OCC2=NOC(=N2)C3=CC=CO3,OSA_000494,Z335888748
1031210-Y5-01,AC15,Mur_Eyerman_set,OC(=O)C=1C=CC=CC1OCC2=CSC(NC=3C=CC=CC3)=N2,OSA_000495,Z56984548
1031210-Y5-01,AD15,Mur_Eyerman_set,COC(=O)C1=CC=C(CSC=2N=C(N)C=3C(C)=C(C)SC3N2)O1,OSA_000496,Z324593526
1031210-Y5-01,AE15,Mur_Eyerman_set,FC=1C=CC=C(CSC=2N=NC=3C=4C=CC=CC4NC3N2)C1,OSA_000497,Z19126364
1031210-Y5-01,AF15,Mur_Eyerman_set,NC=1N=C(SCC(=O)C=2C=CC=3OCOC3C2)N=C4SC=CC14,OSA_000498,Z335929862
1031210-Y5-01,B15,Mur_Eyerman_set,COC=1C=C(OC)C=2NC(=CC2C1)C(=O)NC=3C=CC=C(C)N3,OSA_000499,Z278162754
1031210-Y5-01,C15,Mur_Eyerman_set,CC(C)C1=CC(=NN1)C(=O)N[C@H]2CCCO[C@@H]2C=3C=NN(C)C3,OSA_000500,Z1756696623
1031210-Y5-01,D15,Mur_Eyerman_set,CC(CN1CCCC1=O)NC(=O)C2=NNC=3C=CC=CC23,OSA_000501,Z757937068
1031210-Y5-01,E15,Mur_Eyerman_set,NC=1N=C(N=C2C=CC=CC12)N3CCC(CN4C=CC=N4)CC3,OSA_000502,Z1546781983
1031210-Y5-01,F15,Mur_Eyerman_set,O=C(CC=1C=CC(=CC1)N2C=NN=N2)NC=3C=CNN3,OSA_000503,Z910730878
1031210-Y5-01,G15,Mur_Eyerman_set,CCC1=NC(=NN1)C(C)NC(=O)C2=CNN=C2C3CCOC3,OSA_000504,Z1756222265
1031210-Y5-01,H15,Mur_Eyerman_set,O=C(CNC(=O)C1CCCO1)NC=2C=CC=C3C(=O)NNC(=O)C23,OSA_000505,Z872961304
1031210-Y5-01,I15,Mur_Eyerman_set,CC=1C=C(NN1)C(=O)N2CC(CCN3CCCC3=O)C=4C=CC=CC24,OSA_000506,Z1360871768
1031210-Y5-01,J15,Mur_Eyerman_set,CC1=NN(C)C=2NC(=O)C(CCC(=O)NCC=3C=COC3)=C(C)C12,OSA_000507,Z649748444
1031210-Y5-01,K15,Mur_Eyerman_set,CCN(CC=1C=CC=2OCOC2C1)C(=O)CC3=NNC=4C=CC=CC34,OSA_000508,Z960343492
1031210-Y5-01,L15,Mur_Eyerman_set,CC(C(=O)NC=1C=C(C=C(F)C1C)C(=O)N)N2N=C(C)C=C2C,OSA_000509,Z838498424
1031210-Y5-01,M15,Mur_Eyerman_set,CC=1NN=C2N=CC(=CC12)C(=O)N3CCCC3C4=NOC(=N4)C5CC5,OSA_000510,Z1268749945
1031210-Y5-01,N15,Mur_Eyerman_set,CCNC1=NC=2N(C)C(=O)N(C)C(=O)C2N1,OSA_000511,Z1837067471
1031210-Y5-01,O15,Mur_Eyerman_set,CC1=NNC(=N1)C2CN(CCO2)C(=O)CC=3N=C4N=CC=CN4N3,OSA_000512,Z1268770697
1031210-Y5-01,P15,Mur_Eyerman_set,Cl.FC=1C=CC=C(C1)N2CCNCC2=O,OSA_000513,Z3225843160
1031210-Y5-01,Q15,Mur_Eyerman_set,CC1=NN(C)C=2NC(=O)C(CCC(=O)NC=3C=CNN3)=C(C)C12,OSA_000514,Z827321112
1031210-Y5-01,R15,Mur_Eyerman_set,CC1=NN=C(SCC=2N=C(N)N=C(N)N2)N1,OSA_000515,Z226769910
1031210-Y5-01,S15,Mur_Eyerman_set,CC1=NN(C)C=2NC(=O)C(CCC(=O)NCC=3C=CC=NC3)=C(C)C12,OSA_000516,Z370743754
1031210-Y5-01,T15,Mur_Eyerman_set,CC1OC=2C=CC(NC(=O)CC=3C(F)=CC=CC3Cl)=CC2NC1=O,OSA_000517,Z110096298
1031210-Y5-01,U15,Mur_Eyerman_set,CC=1C=NC(=CN1)C(=O)NC(C(=O)NC=2C=CNN2)C=3C=CC=CC3,OSA_000518,Z1126979163
1031210-Y5-01,V15,Mur_Eyerman_set,NC(=O)CC1=CSC(NC(=O)CCC=2C=CC=3OCCOC3C2)=N1,OSA_000519,Z226188078
1031210-Y5-01,W15,Mur_Eyerman_set,COC=1C=CC(=CC1)C2=NC(CNC(=O)C=3C=CC=CN3)=NN2,OSA_000520,Z1119645172
1031210-Y5-01,X15,Mur_Eyerman_set,CC(SC1=NN=C(O1)C2=CC=CN2)C3=NC(=NO3)C4=CC=CO4,OSA_000521,Z356355054
1031210-Y5-01,Y15,Mur_Eyerman_set,NC(=O)C=1C=CC(Cl)=C(NCC(=O)NC=2C=CC=3OCOC3C2)C1,OSA_000522,Z1171354243
1031210-Y5-01,Z15,Mur_Eyerman_set,CCC(=O)NC=1C=CC=C(NC(=O)C2=CC=3C=C(F)C=CC3N2)C1,OSA_000523,Z319736250
1031210-Y5-01,A16,Mur_Eyerman_set,CCCC1=NNC(=N1)C2CN(CCO2)C(=O)CCC=3C=CC=NC3,OSA_000524,Z1268778158
1031210-Y5-01,AA16,Mur_Eyerman_set,CCOC=1C=CC=2C=C(NC2C1)C(=O)NC=3C=CC=4CCNC(=O)C4C3,OSA_000525,Z1223491308
1031210-Y5-01,AB16,Mur_Eyerman_set,O=C(NCC=1C=CNN1)C2CCCN2C(=O)C=3C=CC=4OCOC4C3,OSA_000526,Z980548268
1031210-Y5-01,AC16,Mur_Eyerman_set,CNC=1SN=C(C)C1C(=O)NC2=NC(CC(=O)N)=CS2,OSA_000527,Z256913326
1031210-Y5-01,AD16,Mur_Eyerman_set,CS(=O)(=O)C1CCCC(C1)NC(=O)C=2C=CC=C3C=NNC23,OSA_000528,Z1252215658
1031210-Y5-01,AE16,Mur_Eyerman_set,CC1=NC(=NN1)C(NC(=O)CNC(=O)C=2C=CC=CC2)C=3C=CC=CC3,OSA_000529,Z1116849613
1031210-Y5-01,AF16,Mur_Eyerman_set,COC=1C=CC(COC=2C=CC(Cl)=CC2C(=O)N)=C(Cl)C1,OSA_000530,Z1269322079
1031210-Y5-01,B16,Mur_Eyerman_set,NC(=O)CC1=CSC(=N1)C=2C=CC=3OCOC3C2,OSA_000531,Z997948526
1031210-Y5-01,C16,Mur_Eyerman_set,FC(F)(F)C1=CC(=NN1)C2CCCN(C2)C(=O)CC=3C=CC=NC3,OSA_000532,Z1269691768
1031210-Y5-01,D16,Mur_Eyerman_set,COC=1C=CC(=CC1)C(NC(=O)C2=CC=C(C)NC2=O)C=3C=CC=CC3,OSA_000533,Z594976072
1031210-Y5-01,E16,Mur_Eyerman_set,CC=1C=CC(=CC1)C(CC(=O)O)NC(=O)CC2=CNC=3C=CC=CC23,OSA_000534,Z224125774
1031210-Y5-01,F16,Mur_Eyerman_set,CN(CCCC1=NNC(N)=C1C#N)C=2N=CC(=CC2Cl)C(=O)N,OSA_000535,Z1168169445
1031210-Y5-01,G16,Mur_Eyerman_set,CC(NC=1C=CC=C(OC=2C=CC=CC2C(=O)N)C1)C3=NN=C(C)O3,OSA_000536,Z1329036659
1031210-Y5-01,H16,Mur_Eyerman_set,CC1=CC(=NN1)C2CCCN(C2)C(=O)C3=CNC(C)=N3,OSA_000537,Z1269729284
1031210-Y5-01,I16,Mur_Eyerman_set,CC1=CC(=NN1)C2CCCN(C2)C(=O)CCCOC=3C=CC=CC3,OSA_000538,Z1269733339
1031210-Y5-01,J16,Mur_Eyerman_set,COC=1C=CC(=CC1F)C(C)NC=2N=CN=C3N(CCO)N=CC23,OSA_000539,Z990848676
1031210-Y5-01,K16,Mur_Eyerman_set,CCCN1C=C(NC(C)CCCOC=2C=CC=CC2C(=O)N)C=N1,OSA_000540,Z1704527216
1031210-Y5-01,L16,Mur_Eyerman_set,CC1=CC(NC(=O)CSC=2N=C(N)C=3C(C)=C(C)SC3N2)=NO1,OSA_000541,Z324593374
1031210-Y5-01,M16,Mur_Eyerman_set,FC=1C=CC(NCC=2C=CNN2)=CC1NC(=O)CC=3C=CC=CC3,OSA_000542,Z1625982458
1031210-Y5-01,N16,Mur_Eyerman_set,COC=1C=CC(NC2=NC(=CS2)C(=O)N3CCCC3)=CC1,OSA_000543,Z1250804313
1031210-Y5-01,O16,Mur_Eyerman_set,CCN1C=C(C=N1)[C@H]2OCCC[C@@H]2NC(=O)C=3C=C(NN3)C(C)C,OSA_000544,Z1756705867
1031210-Y5-01,P16,Mur_Eyerman_set,CCC1=NOC(CNC=2C=C(C=CC2Cl)N3CCNC3=O)=N1,OSA_000545,Z1185890746
1031210-Y5-01,Q16,Mur_Eyerman_set,CN(C)C(=O)C=1C=CC=C(CNC=2N=CN=C3N(CCO)N=CC23)C1,OSA_000546,Z990871800
1031210-Y5-01,R16,Mur_Eyerman_set,CCCC1=NOC(CSC=2N=C(N)C=3C(C)=C(C)SC3N2)=N1,OSA_000547,Z336009536
1031210-Y5-01,S16,Mur_Eyerman_set,CC=1C=CC(NC(=O)C=2C=CC=CC2)=CC1NC(=O)C=3C=CC=NC3O,OSA_000548,Z654149278
1031210-Y5-01,T16,Mur_Eyerman_set,CC(=O)NC=1C=CC(CNC(=O)C2=NNC=3C=CC=CC23)=CC1,OSA_000549,Z241403990
1031210-Y5-01,U16,Mur_Eyerman_set,COC=1C=CC(CCNC(=O)C2=C(C)OC=3N=CNC(=O)C23)=CC1,OSA_000550,Z82184085
1031210-Y5-01,V16,Mur_Eyerman_set,C(CC1=NN=C(N1)C2=CC=CO2)NC=3C=NC=4C=CC=CC4N3,OSA_000551,Z1225468526
1031210-Y5-01,W16,Mur_Eyerman_set,CCOC(=O)C1=C(C)OC=2N=C(CSC=3N=CC=CN3)N=C(N)C12,OSA_000552,Z51086702
1031210-Y5-01,X16,Mur_Eyerman_set,CC(NC=1N=CC(=CC1Cl)C(=O)N)C=2C=CC=3OCOC3C2,OSA_000553,Z728986548
1031210-Y5-01,Y16,Mur_Eyerman_set,CN1C(CSC=2N=C(N)C=3C=CSC3N2)=CC(=O)N(C)C1=O,OSA_000554,Z215307148
1031210-Y5-01,Z16,Mur_Eyerman_set,CC1=NC=C(CNC(=O)CC=2C(C)=NC3=NC(N)=NN3C2C)S1,OSA_000555,Z1149453302
1031210-Y5-01,A17,Mur_Eyerman_set,CN1C=C(C=N1)[C@H]2OCCC[C@@H]2NC(=O)C=3C=CC=C(C3)C(=O)N,OSA_000556,Z1756695442
1031210-Y5-01,AA17,Mur_Eyerman_set,COC=1C=CC(=CC1)C2=NC(CNC(=O)C=3C=CC=C4C=NNC34)=NN2,OSA_000557,Z1119643286
1031210-Y5-01,AB17,Mur_Eyerman_set,CC=1C=C(NN1)C(=O)N2CCN(CC=3C=CC=CN3)CC2,OSA_000558,Z729127304
1031210-Y5-01,AC17,Mur_Eyerman_set,CC=1C=C(ON1)C(=O)NC(C(=O)NC=2C=CNN2)C=3C=CC=CC3,OSA_000559,Z1126978940
1031210-Y5-01,AD17,Mur_Eyerman_set,CC=1C=C(NCC=2C=CC(C#N)=CC2F)C(=CC1F)C(=O)N,OSA_000560,Z1233958166
1031210-Y5-01,AE17,Mur_Eyerman_set,CC1=NC=C(S1)C(=O)NC(C(=O)NC=2C=CNN2)C=3C=CC=CC3,OSA_000561,Z1126978346
1031210-Y5-01,AF17,Mur_Eyerman_set,OC(=O)CC1CN(CCO1)C(=O)C=2C=C(NN2)C=3C=CC=CC3,OSA_000562,Z1445443572
1031210-Y5-01,B17,Mur_Eyerman_set,NC=1N=C(CN2C=NC(C#N)=N2)N=C(NC=3C=CC(F)=CC3)N1,OSA_000563,Z228468438
1031210-Y5-01,C17,Mur_Eyerman_set,CCC=1C=C(NN1)C(=O)N2CCC(CN(C)CC=3C=CC=NC3)C2,OSA_000564,Z1759859744
1031210-Y5-01,D17,Mur_Eyerman_set,O=C(NCC=1C=CC=C(C1)N2CCCC2=O)C=3C=CC=C4C=NNC34,OSA_000565,Z407940970
1031210-Y5-01,E17,Mur_Eyerman_set,CCN1C=C(C=N1)[C@H]2OCCC[C@@H]2NC(=O)C3=NNC=4CCCC34,OSA_000566,Z1756708067
1031210-Y5-01,F17,Mur_Eyerman_set,CN1C=C(C=N1)C2=NC(=CS2)C(=O)NCC=3C=CNN3,OSA_000567,Z649822922
1031210-Y5-01,G17,Mur_Eyerman_set,CCOC(C)C1=NOC(CC2=CSC(=N2)N3CCNC3=O)=N1,OSA_000568,Z1216403474
1031210-Y5-01,H17,Mur_Eyerman_set,COC=1C=CC(C(=O)N)=C(OCC2=CC(=O)N3C=CC(C)=CC3=N2)C1,OSA_000569,Z26325537
1031210-Y5-01,I17,Mur_Eyerman_set,OC(=O)CN(CC=1C=CC=CC1)C(=O)CC2=NNC=3C=CC=CC23,OSA_000570,Z1444360403
1031210-Y5-01,J17,Mur_Eyerman_set,CC=1C=C(CN2CCN(CC2)C(=O)C3=NNC=4C=CC=CC34)ON1,OSA_000571,Z168760202
1031210-Y5-01,K17,Mur_Eyerman_set,CCC=1C=C(NN1)C(=O)NC[C@@H]2C[C@H](F)CN2CC3=CC(C)=NO3,OSA_000572,Z1759563032
1031210-Y5-01,L17,Mur_Eyerman_set,Cl.CC1=NNC=2N=CC(CNCCOC=3C=CC=4OCOC4C3)=CC12,OSA_000573,Z649978136
1031210-Y5-01,M17,Mur_Eyerman_set,CCC=1NN=C(NCC=2C=CC=CC2OCC=3C=CC=NC3)C1C,OSA_000574,Z1434063749
1031210-Y5-01,N17,Mur_Eyerman_set,CC1=C(CCC(=O)NCC=2C=COC2)C(=O)NC=3N(C)NC(=O)C13,OSA_000575,Z649748576
1031210-Y5-01,O17,Mur_Eyerman_set,CC1=NN=C(S1)N2CCN(CC=3N=C(N)C=4C=CC=CC4N3)CC2,OSA_000576,Z1343180792
1031210-Y5-01,P17,Mur_Eyerman_set,CC(NC(=O)C1=NNC(=O)C=2C=CC=CC12)C3=NN=C4C=CC=CN34,OSA_000577,Z131516146
1031210-Y5-01,Q17,Mur_Eyerman_set,C(SC1=NN=C(N1)C=2C=CC=CC2)C3=NC=4C=CC=NC4N3,OSA_000578,Z1033101872
1031210-Y5-01,R17,Mur_Eyerman_set,O=C(CC=1C=CC=NC1)NC2=CC(=NN2)C3=CC=4C=CC=CC4O3,OSA_000579,Z1177707334
1031210-Y5-01,S17,Mur_Eyerman_set,CC=1NN=CC1S(=O)(=O)NC=2C=CC=CC2N3C=CC(=N3)C(=O)O,OSA_000580,Z1233140741
1031210-Y5-01,T17,Mur_Eyerman_set,CN(C)C(=O)CC=1C=CC=CC1NCC=2C=C3C=CC=CC3=NC2O,OSA_000581,Z1462566362
1031210-Y5-01,U17,Mur_Eyerman_set,NC(=O)CCCNC(=O)CC1=CSC(=N1)C=2C=CC=3OCOC3C2,OSA_000582,Z996066116
1031210-Y5-01,V17,Mur_Eyerman_set,CC1=CC(C)=C(C(=O)NCCNC=2N=CN=C3C=CC=CC23)C(=O)N1,OSA_000583,Z1314059453
1031210-Y5-01,W17,Mur_Eyerman_set,O=C(NC=1C=CC=CC1OCC2=CSC=N2)C3=CC=4C=CC=CC4N3,OSA_000584,Z980349258
1031210-Y5-01,X17,Mur_Eyerman_set,CCC1=NN(C)C=2NN=C(NC(=O)C3CC=4C=CC=CC4O3)C12,OSA_000585,Z1212628882
1031210-Y5-01,Y17,Mur_Eyerman_set,NC(=O)C=1C=CC=CC1OCC=2C=CC(C#N)=CC2,OSA_000586,Z25777174
1031210-Y5-01,Z17,Mur_Eyerman_set,CCC=1C=CC(=CC1S(=O)(=O)NC=2C=NN(CCO)C2)C(=O)O,OSA_000587,Z826696564
1031210-Y5-01,A18,Mur_Eyerman_set,CC1=NC(=NN1)C=2C=CC=C(NCC=3C=CC(=C(C)C3)N4C=NC=N4)C2,OSA_000588,Z1480757085
1031210-Y5-01,AA18,Mur_Eyerman_set,NC=1N=C(N)N=C(SCC2=CSC(=N2)C3=CC=CO3)N1,OSA_000589,Z241567956
1031210-Y5-01,AB18,Mur_Eyerman_set,CC(C)(C)C1=NOC(=N1)C=2C=CC=CC2C(=O)N3CCC(C3)C(=O)N,OSA_000590,Z1158308049
1031210-Y5-01,AC18,Mur_Eyerman_set,CC1=CN=C(NC(=O)CCC2=C(C)C=3C(C)=NN(C)C3NC2=O)S1,OSA_000591,Z361929940
1031210-Y5-01,AD18,Mur_Eyerman_set,CC=1C=CC(C(=O)N)=C(OCC=2C=CC(C#N)=CC2)C1,OSA_000592,Z217920818
1031210-Y5-01,AE18,Mur_Eyerman_set,NC(=O)C=1C=CC=CC1OCCCOC=2C=CC=3OCOC3C2,OSA_000593,Z883400278
1031210-Y5-01,AF18,Mur_Eyerman_set,FC(F)(F)C=1C=CC(CNC(=O)C=2NN=C3CCCCC23)=CC1,OSA_000594,Z358274380
1031210-Y5-01,B18,Mur_Eyerman_set,CC=1C=CC(NC2=NC(CN3C=NC(C#N)=N3)=CS2)=CC1,OSA_000595,Z228464920
1031210-Y5-01,C18,Mur_Eyerman_set,OC(=O)CC(NC(=O)CC1=CNC=2C=C(F)C=CC12)C3=CC=CS3,OSA_000596,Z1443750597
1031210-Y5-01,D18,Mur_Eyerman_set,COC=1C=CC(=CC1F)S(=O)(=O)NC=2C=CC=NC2O,OSA_000597,Z968561832
1031210-Y5-01,E18,Mur_Eyerman_set,CN1C=C(C=N1)N2CCCC(NC=3C=CC(Cl)=C(C3)C(=O)N)C2=O,OSA_000598,Z1281831612
1031210-Y5-01,F18,Mur_Eyerman_set,CC=1C=C(NN1)C(=O)NCCNC2=NC=3C=CC=CC3S2,OSA_000599,Z733210418
1031210-Y5-01,G18,Mur_Eyerman_set,CCC1=NSC(NCC=2C=CC=CC2N3CCCC(C3)C(=O)N)=N1,OSA_000600,Z1348386359
1031210-Y5-01,H18,Mur_Eyerman_set,CNC1=NN=C(SCCC2=NC=3C=CC=CC3C(=O)N2)S1,OSA_000601,Z821291704
1031210-Y5-01,I18,Mur_Eyerman_set,NC=1N=C(N=C2C=CC=CC12)N3CCCC3C4=NN=C5CCCCCN45,OSA_000602,Z1546688605
1031210-Y5-01,J18,Mur_Eyerman_set,CC=1C=C(NN1)C(=O)NCCN2N=C3C=CC=CN3C2=O,OSA_000603,Z816646802
1031210-Y5-01,K18,Mur_Eyerman_set,CC1=CC(=NN1)C2CCCN(C2)C(=O)C=3C=CC=C(C3)S(=O)(=O)C,OSA_000604,Z1269731298
1031210-Y5-01,L18,Mur_Eyerman_set,CCOCCOCC=1C=CC=C(CNC=2N=CN=C3N=CNC23)C1,OSA_000605,Z644970508
1031210-Y5-01,M18,Mur_Eyerman_set,OC(=O)CC(NC(=O)CC1=CNC=2C=CC=CC12)C=3C=CC(F)=CC3,OSA_000606,Z224125208
1031210-Y5-01,N18,Mur_Eyerman_set,COC=1C=CC(OCC2=CC(=O)N3C=C(C)C=CC3=N2)=C(C1)C(=O)N,OSA_000607,Z963434718
1031210-Y5-01,O18,Mur_Eyerman_set,CC(CN(CC=1C=CC=CC1)C(=O)C2=NNC=3CCCCC23)C(=O)O,OSA_000608,Z1444207363
1031210-Y5-01,P18,Mur_Eyerman_set,CC(C)C1=CC(=NN1)C(=O)NCCN2N=C3C=CC=CN3C2=O,OSA_000609,Z816645476
1031210-Y5-01,Q18,Mur_Eyerman_set,CC(C)NC(=O)N1CCN(CC1)C(=O)C2=C(C)OC=3N=CNC(=O)C23,OSA_000610,Z1127288512
1031210-Y5-01,R18,Mur_Eyerman_set,CCC1=NN=C(NC(=O)C(C)NC(=O)C=2NN=C3C=CC=CC23)S1,OSA_000611,Z1021209608
1031210-Y5-01,S18,Mur_Eyerman_set,COC=1C=CC(=CC1)C2=NC(CNC(=O)C=3C=NC(C)=CN3)=NN2,OSA_000612,Z1119645160
1031210-Y5-01,T18,Mur_Eyerman_set,ClC=1C=CC=C(C1)C2=NN=C(NC(=O)C3CC3C=4C=CC=NC4)N2,OSA_000613,Z1231976709
1031210-Y5-01,U18,Mur_Eyerman_set,CCC1=NOC(CN(C)CC=2N=C(N)C=3C=CC=CC3N2)=N1,OSA_000614,Z1120825959
1031210-Y5-01,V18,Mur_Eyerman_set,COC=1C=CC(CNC(C2=NNC(C)=N2)C=3C=CC=CC3)=CC1,OSA_000615,Z1084534512
1031210-Y5-01,W18,Mur_Eyerman_set,O=C(NCCNC(=O)C1=NC=2C=CC=CC2C(=O)N1)C=3C=CC=NC3,OSA_000616,Z1149164411
1031210-Y5-01,X18,Mur_Eyerman_set,CC1=CC(=NN1C)C(=O)NC(C(=O)NC=2C=CNN2)C=3C=CC=CC3,OSA_000617,Z1191230807
1031210-Y5-01,Y18,Mur_Eyerman_set,COC=1C=CC(=CC1)C2=NC(CNC(=O)C=3C=CC(O)=NC3)=NN2,OSA_000618,Z1119645296
1031210-Y5-01,Z18,Mur_Eyerman_set,NC(=O)C1=CC(=NN1C=2C=CC=CC2)C(=O)NC3CCC=4C=CC=CC34,OSA_000619,Z1172581671
1031210-Y5-01,A19,Mur_Eyerman_set,CS(=O)C=1C=CC(CNC2CCCN(C2)C3=NC=CNC3=O)=CC1,OSA_000620,Z1758013572
1031210-Y5-01,AA19,Mur_Eyerman_set,CN1C=C(C=N1)C2=NC(COC=3C=CC=CC3C(=O)N)=CS2,OSA_000621,Z650414262
1031210-Y5-01,AB19,Mur_Eyerman_set,CCC=1C=CC(NC(=O)C2=COC=3C=CC=CC23)=CC1S(=O)(=O)N,OSA_000622,Z1192820437
1031210-Y5-01,AC19,Mur_Eyerman_set,CCC1=CC=2C(NC3CCCC4=C3C=NN4CCO)=NC=NC2S1,OSA_000623,Z645321080
1031210-Y5-01,AD19,Mur_Eyerman_set,CC(C)C1=NOC(=N1)C(C)NC=2C=CC=C(C2)N3CCCNC3=O,OSA_000624,Z1282105741
1031210-Y5-01,AE19,Mur_Eyerman_set,O=C(CC1=CSC(=N1)C=2C=CC=NC2)NC=3C=CNN3,OSA_000625,Z910731756
1031210-Y5-01,AF19,Mur_Eyerman_set,CS(=O)C1=NN=CN1CC2=CSC(NC=3C=CC=CC3C)=N2,OSA_000626,Z1328965766
1031210-Y5-01,B19,Mur_Eyerman_set,CC=1C=C(NC(=O)CCC2=C(C)C=3C(C)=NN(C)C3NC2=O)NN1,OSA_000627,Z666232532
1031210-Y5-01,C19,Mur_Eyerman_set,COC=1C=C(C=CN1)[C@H]2OCCC[C@@H]2NC(=O)C=3C=C(NN3)C(C)C,OSA_000628,Z1756824711
1031210-Y5-01,D19,Mur_Eyerman_set,CC(NC(=O)C1=CC(Cl)=CN1)C=2C=CC(=CC2)N3C=CN=C3,OSA_000629,Z109305448
1031210-Y5-01,E19,Mur_Eyerman_set,CC(C)C1=NN=C(O1)C2CN(CCO2)C(=O)C=3C=CC=C4C=NNC34,OSA_000630,Z1754197948
1031210-Y5-01,F19,Mur_Eyerman_set,O=C1CNC(=O)N1CC=2C=CC(=CC2)C3=NC=4C=CC=CC4C(=O)N3,OSA_000631,Z666586994
1031210-Y5-01,G19,Mur_Eyerman_set,CNC=1C=C(N=CN1)N2CCCC2CNC=3C=CC4=NN=NN4N3,OSA_000632,Z1139198732
1031210-Y5-01,H19,Mur_Eyerman_set,OC=1C=CC(CNC2=CC=CC3=CNN=C23)=CC1,OSA_000633,Z3228283128
1031210-Y5-01,I19,Mur_Eyerman_set,COC=1C=CC(CNC(=O)C2=NNC=3C=CC=CC23)=CN1,OSA_000634,Z221228892
1031210-Y5-01,J19,Mur_Eyerman_set,CC(SC=1N=C(N)C=2C=CSC2N1)C=3C=CC=C(C3)[N+](=O)[O-],OSA_000635,Z166467536
1031210-Y5-01,K19,Mur_Eyerman_set,NC(=O)C=1C=CC(=CN1)C(=O)N2CCC(C2)OC=3C=CC=CN3,OSA_000636,Z1432909170
1031210-Y5-01,L19,Mur_Eyerman_set,CC=1C(CSC=2N=C(N)C=3C=CSC3N2)=CC=CC1[N+](=O)[O-],OSA_000637,Z441212406
1031210-Y5-01,M19,Mur_Eyerman_set,CC1=NN=C(CN2CCCC(C2)C3=NNC(=N3)C=4C=CC=CC4)S1,OSA_000638,Z1614131615
1031210-Y5-01,N19,Mur_Eyerman_set,OC=1C=CC(=CN1)C(=O)NCCNC(=O)C=2NN=C3C=CC=CC23,OSA_000639,Z981111724
1031210-Y5-01,O19,Mur_Eyerman_set,CC1=NNC=2N=CC(NCC=3C=CC(C#N)=CC3)=CC12,OSA_000640,Z1802347005
1031210-Y5-01,P19,Mur_Eyerman_set,COC(=O)CN1N=CC=2C(NCC=3C=NC(O)=NC3O)=NC=NC12,OSA_000641,Z1262404550
1031210-Y5-01,Q19,Mur_Eyerman_set,NC(=O)C=1C=CC(NS(=O)(=O)C2=CC(=CS2)C(=O)O)=CC1,OSA_000642,Z132931720
1031210-Y5-01,R19,Mur_Eyerman_set,CNC(=O)NC(=O)C(C)SC=1N=C(N)C=2C(C)=C(C)SC2N1,OSA_000643,Z324593544
1031210-Y5-01,S19,Mur_Eyerman_set,NC=1N=C(SCCCC2=NC=3C=CC=CC3O2)N=C4SC=CC14,OSA_000644,Z821301506
1031210-Y5-01,T19,Mur_Eyerman_set,CCC(CCO)CNC1=NN2C(=O)C=CN=C2S1,OSA_000645,Z1396653646
1031210-Y5-01,U19,Mur_Eyerman_set,CC1=NN(C)C=2NC(=O)C(CCC(=O)NCC3=CC=NN3C)=C(C)C12,OSA_000646,Z371624082
1031210-Y5-01,V19,Mur_Eyerman_set,CC(C)(C)C1=CN2N=C(NCCCC3=NC(=O)NN3)SC2=N1,OSA_000647,Z1341629225
1031210-Y5-01,W19,Mur_Eyerman_set,CC1=NC2=NC(N)=NN2C(C)=C1CC(=O)N3CCOC4CCCCC43,OSA_000648,Z886909616
1031210-Y5-01,X19,Mur_Eyerman_set,O=C(CCC1CC=2C=CC=CC2NC1=O)NCC=3C=CC=NC3,OSA_000649,Z223671374
1031210-Y5-01,Y19,Mur_Eyerman_set,CC(NC(=O)C=1C=CC=NC1O)C=2C=CC=3NC(=O)NC3C2,OSA_000650,Z666645730
1031210-Y5-01,Z19,Mur_Eyerman_set,ClC=1C=CC(=CC1NC(=O)CCC=2C=CC=NC2)N3CCNC3=O,OSA_000651,Z1185124459
1031210-Y5-01,A20,Mur_Eyerman_set,O=C(CC1=CNC=2N=CC=CC12)N3CCCC(C3)N4CCNC4=O,OSA_000652,Z1400890685
1031210-Y5-01,AA20,Mur_Eyerman_set,CC(=O)NC=1C=CC=C(NC(=O)CN2C=CC=CC2=O)C1,OSA_000653,Z51853629
1031210-Y5-01,AB20,Mur_Eyerman_set,CC(C(=O)NCC1=NNC(C)=N1)N2N=NC(=N2)C=3C=CC=CC3,OSA_000654,Z1274121018
1031210-Y5-01,AC20,Mur_Eyerman_set,CC=1SC=2N=C(CSC=3N=CC=CC3C(=O)O)N=C(N)C2C1C,OSA_000655,Z317045196
1031210-Y5-01,AD20,Mur_Eyerman_set,OC(=O)C=1C=CC(CCNC(=O)CC2=CNC=3C=CC=CC23)=CC1,OSA_000656,Z224221052
1031210-Y5-01,AE20,Mur_Eyerman_set,COC=1C=CC(CNC(=O)C2=NNC=3C=CC=CC23)=CC1C(=O)O,OSA_000657,Z224264812
1031210-Y5-01,AF20,Mur_Eyerman_set,COC=1C=CC(NC(=O)CS(=O)CC=2C=CC=C(C2)C(=O)N)=CC1,OSA_000658,Z1138020853
1031210-Y5-01,B20,Mur_Eyerman_set,CC1=CC(=NO1)C(=O)NC(C(=O)NC=2C=CNN2)C=3C=CC=CC3,OSA_000659,Z1126979295
1031210-Y5-01,C20,Mur_Eyerman_set,NC=1N=C(CN2CCCCC2CN3C=NC=N3)N=C4C=CC=CC14,OSA_000660,Z1141132968
1031210-Y5-01,D20,Mur_Eyerman_set,COC=1C=CC(CN2C=C(C=N2)C(=O)N3CCCC3CN)=CC1,OSA_000661,Z2242917793
1031210-Y5-01,E20,Mur_Eyerman_set,OCC1CCCN(C1)C=2C=C(NCC=3C=CC=4N=CC=CC4C3)N=CN2,OSA_000662,Z1958483455
1031210-Y5-01,F20,Mur_Eyerman_set,"C[C@@H]1CN(C[C@H]1C(=O)O)C(=O)CC=2C=CC=3C=NNC3C2 |&1:1,5,r",OSA_000663,|Z2376880965
1031210-Y5-01,G20,Mur_Eyerman_set,OC(=O)C=1C=CC(CNC(=O)C2CCC(=O)N2)=CC1,OSA_000664,Z1455155305
1031210-Y5-01,H20,Mur_Eyerman_set,CC=1C=CC=2NN=C(C(=O)NC3CCC(CC3)C(=O)O)C2C1,OSA_000665,Z1570104769
1031210-Y5-01,I20,Mur_Eyerman_set,OC(=O)CCC(NC(=O)CC1=CNC=2N=CC=CC12)C=3C=CC=CC3,OSA_000666,Z1869684220
1031210-Y5-01,J20,Mur_Eyerman_set,NC(=O)COC=1C=CC(CCNC2=NC=3C=CC=CC3O2)=CC1,OSA_000667,Z645390922
1031210-Y5-01,K20,Mur_Eyerman_set,CC=1C=CC=2NN=C(C(=O)N3CCOC(C3)C4=NN=CN4C)C2C1,OSA_000668,Z1757022852
1031210-Y5-01,L20,Mur_Eyerman_set,Cl.CC=1C=CC=2NN=C(C(=O)N3CCC(C3)C(=O)O)C2C1,OSA_000669,Z1528727319
1031210-Y5-01,M20,Mur_Eyerman_set,CN1C=C(C=C1C(=O)NC(C)(C)CCC(=O)O)C(=O)N,OSA_000670,Z1455199553
1031210-Y5-01,N20,Mur_Eyerman_set,CN(C1CCNC1)C(=O)CN2C(=O)NC=3C=CC=CC3C2=O,OSA_000671,Z2242912768
1031210-Y5-01,O20,Mur_Eyerman_set,CN(CC=1C=CC(OC(F)F)=CC1)C(=O)C=2C=NC3=NNC(C)=C3C2,OSA_000672,Z752254022
1031210-Y5-01,P20,Mur_Eyerman_set,CN(CC(=O)NCC1=NN=C2CCCCN12)C=3N=CN=C4N=CNC34,OSA_000673,Z769794590
1031210-Y5-01,Q20,Mur_Eyerman_set,CC=1C=C(NN1)C(=O)NCC=2C=CN=C(C2)N3C=CC=N3,OSA_000674,Z733239458
1031210-Y5-01,R20,Mur_Eyerman_set,COC=1C=C(CNC(=O)C2=NNC=3C=CC=CC23)C=CN1,OSA_000675,Z243563742
1031210-Y5-01,S20,Mur_Eyerman_set,NC(=O)C1CCN(C1)C(=O)CCC2=NC=3C=CC=CC3C(=O)N2,OSA_000676,Z666947144
1031210-Y5-01,T20,Mur_Eyerman_set,O=C(NCCC1=CNC=2C=CC=CC12)C3=NNC(=O)C=4C=CC=CC34,OSA_000677,Z26395418
1031210-Y5-01,U20,Mur_Eyerman_set,CC1=CC(NC(=O)CN(CC=2C=CNN2)CC=3C=CC=CC3)=NO1,OSA_000678,Z1127139266
1031210-Y5-01,V20,Mur_Eyerman_set,NC=1N=C(CN2C=NC(C#N)=N2)N=C3C=CC=CC13,OSA_000679,Z228468604
1031210-Y5-01,W20,Mur_Eyerman_set,NC(=O)CN1CCCN(CC1)C(=O)CC=2C=NN(C2)C=3C=CC=CC3,OSA_000680,Z845333020
1031210-Y5-01,X20,Mur_Eyerman_set,CC=1C=C(C)C=C(C1)C2=NN=C(SCC=3N=C(N)N=C(N)N3)O2,OSA_000681,Z92636259
1031210-Y5-01,Y20,Mur_Eyerman_set,CCN(CC=1C=CC(OC)=C(F)C1)CC=2N=C(N)N=C(N)N2,OSA_000682,Z103948276
1031210-Y5-01,Z20,Mur_Eyerman_set,CNC1=NC(CNC2=NN3C=C(C)N=C3S2)=CS1,OSA_000683,Z1270084123
1031210-Y5-01,A21,Mur_Eyerman_set,CNS(=O)(=O)C=1C=CC(=CN1)C(=O)NC(C)C=2C=CNN2,OSA_000684,Z2379492132
1031210-Y5-01,AA21,Mur_Eyerman_set,CC1=CC(C)=C(CNC(=O)C2=CNC=3N=CC=CC23)C(=O)N1,OSA_000685,Z804108370
1031210-Y5-01,AB21,Mur_Eyerman_set,CC1=CC(CC(=O)NC=2C=CC=C(OC=3C=NC=CN3)C2)=NN1,OSA_000686,Z1389502856
1031210-Y5-01,AC21,Mur_Eyerman_set,COC=1C=CC(=CC1)C(C)(C)C(=O)NCCC=2C=CC=C(C2)C(=O)N,OSA_000687,Z1438836112
1031210-Y5-01,AD21,Mur_Eyerman_set,O=C(CCN1C=CC=N1)NC(C(=O)NC=2C=CNN2)C=3C=CC=CC3,OSA_000688,Z1191230926
1031210-Y5-01,AE21,Mur_Eyerman_set,ClC1=CC=C(S1)C2=CC(NC(=O)CC=3C=CC=NC3)=NN2,OSA_000689,Z1523053611
1031210-Y5-01,AF21,Mur_Eyerman_set,CC(C)CC=1C=C(NN1)C(=O)NCCC2=NOC(=N2)C=3C=CC=CN3,OSA_000690,Z1174872997
1031210-Y5-01,B21,Mur_Eyerman_set,CN1N=CC=2C(N)=NC(=NC12)N3CCC(CN4C=CN=N4)CC3,OSA_000691,Z1787637438
1031210-Y5-01,C21,Mur_Eyerman_set,CC(C)C1=NC(CN(C)C2CCN(C2)C(=O)C3=CC(C)=NN3)=NO1,OSA_000692,Z1411438547
1031210-Y5-01,D21,Mur_Eyerman_set,CC1=NC(=CN1)C(=O)NC[C@@H]2C[C@H](F)CN2CC=3C=NN(C)C3,OSA_000693,Z1759277492
1031210-Y5-01,E21,Mur_Eyerman_set,CCN(CC=1C=CC=2OCOC2C1)C(=O)C=3C=NC4=NNC(C)=C4C3,OSA_000694,Z729805042
1031210-Y5-01,F21,Mur_Eyerman_set,CCC=1N=CC(NC(=O)N2CCCCC2C=3N=CNN3)=CN1,OSA_000695,Z1671598133
1031210-Y5-01,G21,Mur_Eyerman_set,CNC(=O)C=1C=C(OC2CCN(C2)C(=O)C3=CC=CN3)C=CN1,OSA_000696,Z1204553247
1031210-Y5-01,H21,Mur_Eyerman_set,CC(C)N1C=C(CNC=2C=CC(Cl)=C(C2)N3CCNC3=O)C=N1,OSA_000697,Z1984528335
1031210-Y5-01,I21,Mur_Eyerman_set,C(N1CCCC(C1)C2=NNC(=N2)C=3C=CC=CC3)C=4C=CON4,OSA_000698,Z1614129093
1031210-Y5-01,J21,Mur_Eyerman_set,CN1CCC(O)(CC1)C=2C=CC=C(Cl)N2,OSA_000699,Z2204483625
1031210-Y5-01,K21,Mur_Eyerman_set,CC1=NOC(=N1)C2CCN(CC=3C=C4C=CC=CC4=NC3O)C2,OSA_000700,Z2054653686
1031210-Y5-01,L21,Mur_Eyerman_set,CN1CCC(O)(CC1)C=2C=CC(Cl)=NC2,OSA_000701,Z3243694072
1031210-Y5-01,M21,Mur_Eyerman_set,CCCN(CC1=NC=2C=C(Cl)C=CC2C(=O)N1)C(=O)C=3C=CNN3,OSA_000702,Z381616952
1031210-Y5-01,N21,Mur_Eyerman_set,CN1CC(NCC1=O)C=2C=CC=CC2,OSA_000703,Z3242731200
1031210-Y5-01,O21,Mur_Eyerman_set,FC(F)OC=1C=CC(CCC(=O)N2CCCC3=NNC=C23)=CC1,OSA_000704,Z1928111543
1031210-Y5-01,P21,Mur_Eyerman_set,COC=1C=CC(CN2CCC2CN)=CC1,OSA_000705,Z2491498223
1031210-Y5-01,Q21,Mur_Eyerman_set,CC(=O)NC=1C=CC(SC=2C=CC3=NN=C(N)N3N2)=CC1,OSA_000706,Z285688150
1031210-Y5-01,R21,Mur_Eyerman_set,NC=1NN=C(CCCNC=2C=CC3=NN=NN3N2)C1C#N,OSA_000707,Z220420794
1031210-Y5-01,S21,Mur_Eyerman_set,COC=1C=CC(CNC(=O)C2=CC(=NN2)C=3C=CC(C)=CC3)=CN1,OSA_000708,Z226215246
1031210-Y5-01,T21,Mur_Eyerman_set,COC=1C=CC(=CC1)C2CCCN2C=3C=C(C=CN3)C(=O)N,OSA_000709,Z954441040
1031210-Y5-01,U21,Mur_Eyerman_set,NC(=O)C=1C=CC=CC1NCC=2C=CC(C#N)=CC2,OSA_000710,Z232515128
1031210-Y5-01,V21,Mur_Eyerman_set,CNC=1C=C(C(=O)NCCNC(=O)C(C)(C)C)C=2C=CC=CC2N1,OSA_000711,Z1314018002
1031210-Y5-01,W21,Mur_Eyerman_set,COC=1C=C(CNC(=O)C2=CC(Cl)=CN2)C=CC1OCC(=O)N,OSA_000712,Z666250770
1031210-Y5-01,X21,Mur_Eyerman_set,COC(=O)C=1C=CC(CNC(=O)C2=C(C)OC=3N=CNC(=O)C23)=CC1,OSA_000713,Z139942108
1031210-Y5-01,Y21,Mur_Eyerman_set,CN(CC1=NC=2C=CC=CC2C(=O)N1)CC3=NC=4C=CC=CC4NC3=O,OSA_000714,Z991004054
1031210-Y5-01,Z21,Mur_Eyerman_set,NC(=O)C=1C=CC=CC1OCC2=CN(N=N2)C=3C=CC(Cl)=CC3,OSA_000715,Z1376464081
1031210-Y5-01,A22,Mur_Eyerman_set,O[C@@H]1COC[C@H]1N2C=C(N=N2)C(=O)NCC=3C=CC=4OCCC4C3,OSA_000716,Z2400432799
1031210-Y5-01,B22,Mur_Eyerman_set,CN(CC=1C=CC(Cl)=NC1)C2CC2,OSA_000717,Z1169033594
1031210-Y5-01,C22,Mur_Eyerman_set,O=C(N1CCCC(C1)N2CCNC2=O)C=3C=CC=C4C=CNC34,OSA_000718,Z1273698874
1031210-Y5-01,D22,Mur_Eyerman_set,Cl.CCCC(C)NC=1C=CC=C(C#N)C1,OSA_000719,Z1642151030
1031210-Y5-01,E22,Mur_Eyerman_set,CC=1C=CC=2NN=C(C(=O)NC(CN)C3CC3)C2C1,OSA_000720,Z2440418079
1031210-Y5-01,F22,Mur_Eyerman_set,CN1CCNC(=O)C1C=2C=CC=CC2Cl,OSA_000721,Z1653394708
1031210-Y5-01,G22,Mur_Eyerman_set,ClC=1C=CC(NCC=2C=CC=NC2)=CC1N3CCNC3=O,OSA_000722,Z1984528451
1031210-Y5-01,H22,Mur_Eyerman_set,O=C(N1CCCC(C1)N2C=NC=3C=CC=CC23)C4=NNC=5CCCC45,OSA_000723,Z1119625807
1031210-Y5-01,I22,Mur_Eyerman_set,NC(=O)C(NC1CCCN(C1=O)C=2C=CC=NC2)C=3C=CC=CC3,OSA_000724,Z1651729217
1031210-Y5-01,J22,Mur_Eyerman_set,O=C(CC1=NNC=2C=CC=CC12)NC=3C=CC=NC3,OSA_000725,Z826871136
1031210-Y5-01,K22,Mur_Eyerman_set,OC=1N=C2C=CC=CC2=CC1CNC3CCCN(C3)C=4C=CC=NN4,OSA_000726,Z1234098811
1031210-Y5-01,L22,Mur_Eyerman_set,CC=1NN=CC1CCCNC(=O)NC2CCS(=O)(=O)C2,OSA_000727,Z445986708
1031210-Y5-01,M22,Mur_Eyerman_set,OC(=O)C1CN(CCO1)C(=O)C=2C=C(NN2)C=3C=CC(F)=CC3,OSA_000728,Z1445272300
1031210-Y5-01,N22,Mur_Eyerman_set,COCC1=NN(CC=2N=C(N)C=3C=4CCCCC4SC3N2)C(=O)O1,OSA_000729,Z1607385949
UCL_Opensource1,A1,UCL_Opensource1,O=S(C1=CC=C(C)C=C1)(NCCN2CCOCC2)=O,OSA_000009,
UCL_Opensource1,A2,UCL_Opensource1,O=C(N1CCN(CC1)C(OC(C)(C)C)=O)C2=CC=CC=C2,OSA_000010,
UCL_Opensource1,A3,UCL_Opensource1,O=C(N1CCSCC1)C2=CC=CC=C2,OSA_000011,
UCL_Opensource1,A4,UCL_Opensource1,O=C(N1CCOCC1)C2=CC=CC=C2,OSA_000012,
UCL_Opensource1,A5,UCL_Opensource1,O=C(N1CCCCC1)C2=CC=CC=C2,OSA_000013,
UCL_Opensource1,A6,UCL_Opensource1,C1(CN2CCSCC2)=CC=CC=C1,OSA_000014,
UCL_Opensource1,A7,UCL_Opensource1,C1(CN2CCCCC2)=CC=CC=C1,OSA_000015,
UCL_Opensource1,A8,UCL_Opensource1,C1(CN2CCOCC2)=CC=CC=C1,OSA_000016,
UCL_Opensource1,A9,UCL_Opensource1,CC(OC(N(CC1)CCN1CC2=CC=CC=C2)=O)(C)C,OSA_000017,
UCL_Opensource1,A10,UCL_Opensource1,O=S(C1=CC=C(C)C=C1)(N2CCS(CC2)(=O)=O)=O,OSA_000018,
UCL_Opensource1,A11,UCL_Opensource1,O=S(CCN1CC2=NC=CC=C2)(CC1)=O,OSA_000019,
UCL_Opensource1,A12,UCL_Opensource1,BrC1=CC=C(CN2CCS(CC2)(=O)=O)C=C1,OSA_000020,
UCL_Opensource1,A13,UCL_Opensource1,OC(CC1)CCN1CC2=CC=C(C)C=C2,OSA_000021,
UCL_Opensource1,A14,UCL_Opensource1,O=C(N1CCS(CC1)(=O)=O)C2=CC=CO2,OSA_000022,
UCL_Opensource1,A15,UCL_Opensource1,O=S(CCN1CC2=CC=NC=C2)(CC1)=O,OSA_000023,
UCL_Opensource1,A16,UCL_Opensource1,O=C(N1CCS(CC1)(=O)=O)C2=CC=CC=C2,OSA_000024,
UCL_Opensource1,A17,UCL_Opensource1,O=C(CC1)CCN1CC2=CC=C(C)C=C2,OSA_000025,
UCL_Opensource1,A18,UCL_Opensource1,CC1=CC=C(CN2CCC(C=CC=C3)=C3C2)C=C1,OSA_000026,
UCL_Opensource1,A19,UCL_Opensource1,CN(CC1=CC=CC=C1)CC2=CC=C(C)C=C2,OSA_000027,
UCL_Opensource1,A20,UCL_Opensource1,O=C(N1CCSCC1)C2=CC=CO2,OSA_000028,
UCL_Opensource1,A21,UCL_Opensource1,OCCCN(CC1)CCN1CC2=CC=C(C)C=C2,OSA_000029,
UCL_Opensource1,A22,UCL_Opensource1,O=S(CCN1CC2=CC=C(C#N)C=C2)(CC1)=O,OSA_000030,
UCL_Opensource1,A23,UCL_Opensource1,O=S(CCN1CC2=CC3=C(C=C2)C=CC=C3)(CC1)=O,OSA_000031,
UCL_Opensource1,A24,UCL_Opensource1,O=S(CCN1CC2=CC=C(SC)C=C2)(CC1)=O,OSA_000032,
UCL_Opensource1,B1,UCL_Opensource1,O=S(C1=CC=C(C)C=C1)(N2CCSCC2)=O,OSA_000033,
UCL_Opensource1,B2,UCL_Opensource1,O=S(CCN1CC2=NC3=CC=CC=C3S2)(CC1)=O,OSA_000034,
UCL_Opensource1,B3,UCL_Opensource1,O=C(N1CCS(CC1)(=O)=O)C2=NC3=CC=CC=C3C=C2,OSA_000035,
UCL_Opensource1,B4,UCL_Opensource1,O=C(NCCN1CCS(CC1)(=O)=O)C2=NC3=CC=CC=C3C=C2,OSA_000036,
UCL_Opensource1,B5,UCL_Opensource1,O=S(C1=CC=C(C)C=C1)(NCCN2CCS(CC2)(=O)=O)=O,OSA_000037,
UCL_Opensource1,B6,UCL_Opensource1,O=C(NCCN1CCS(CC1)(=O)=O)C2=CC=CO2,OSA_000038,
UCL_Opensource1,B7,UCL_Opensource1,O=S(CCN1CCNCC2=NC3=CC=CC=C3S2)(CC1)=O,OSA_000039,
UCL_Opensource1,B8,UCL_Opensource1,O=C(N1CCN(CCCO)CC1)C2=CC=CO2,OSA_000040,
UCL_Opensource1,B9,UCL_Opensource1,O=C(N1CCN(C2=CC=NC=C2)CC1)C3=CC=CO3,OSA_000041,
UCL_Opensource1,B10,UCL_Opensource1,CC(C=C1)=CC=C1CN2CCN(C3=CC=NC=C3)CC2,OSA_000042,
UCL_Opensource1,B11,UCL_Opensource1,O=C(N1CCN(C2=NC=CC=C2)CC1)C3=CC=CO3,OSA_000043,
UCL_Opensource1,B12,UCL_Opensource1,CC(C=C1)=CC=C1CN2CCN(C3=NC=CC=C3)CC2,OSA_000044,
UCL_Opensource1,B13,UCL_Opensource1,ClC1=C(NC(CN2CCS(CC2)(=O)=O)=O)C=CC=C1Cl,OSA_000045,
UCL_Opensource1,B14,UCL_Opensource1,O=C(CN1CCS(CC1)(=O)=O)NC2=CC=CC=C2,OSA_000046,
UCL_Opensource1,B15,UCL_Opensource1,O=C(CN1CCS(CC1)(=O)=O)NC2=C(Cl)C=C(C(F)(F)F)C=C2,OSA_000047,
UCL_Opensource1,B16,UCL_Opensource1,O=C(CN1CCS(CC1)(=O)=O)NC2=CC=C(C(F)(F)F)C=C2,OSA_000048,
UCL_Opensource1,B17,UCL_Opensource1,CC1=NC(N2CCN(C)CC2)=CC(C)=N1,OSA_000049,
UCL_Opensource1,B18,UCL_Opensource1,CC1=NC(N2CCCCC2)=CC(C)=N1,OSA_000050,
UCL_Opensource1,B19,UCL_Opensource1,CC1=NC(N2CCNCC2)=CC(C)=N1,OSA_000051,
UCL_Opensource1,B20,UCL_Opensource1,CC1=NC(C)=NC(O[C@@H]2C[C@H](N)C2)=C1,OSA_000052,
UCL_Opensource1,B21,UCL_Opensource1,CC1=NC(N(C)C2CCNCC2)=CC(C)=N1,OSA_000053,
UCL_Opensource1,B22,UCL_Opensource1,CC1=NC(C)=NC(O[C@@H]2CC[C@H](N)CC2)=C1,OSA_000054,
UCL_Opensource1,B23,UCL_Opensource1,CC1=NC(O[C@@H]2CC[C@H](N)CC2)=CC=N1,OSA_000055,
UCL_Opensource1,B24,UCL_Opensource1,CC1=NC(N(C)[C@@H]2CC[C@@H](OCC3=CC=CC=C3)CC2)=CC(C)=N1,OSA_000056,
UCL_Opensource1,C1,UCL_Opensource1,[C@H]1(C[C@H](OCC2=CC=CC=C2)C1)NCC3=CC=CC=C3,OSA_000057,
UCL_Opensource1,C2,UCL_Opensource1,[C@H]1(CC[C@H](OCC2=CC=CC=C2)CC1)NCC3=CC=CC=C3,OSA_000058,
UCL_Opensource1,C3,UCL_Opensource1,CC1=NC(N2CCOCC2)=CC(C)=N1,OSA_000059,
UCL_Opensource1,C4,UCL_Opensource1,CN(C1CCN(C(OC(C)(C)C)=O)CC1)C2=NC=CC(C3=CC=CC=C3)=N2,OSA_000060,
UCL_Opensource1,C5,UCL_Opensource1,CN(C1CCN(C(OC(C)(C)C)=O)CC1)C2=CC=NC(C3=CC=CC=C3)=N2,OSA_000061,
UCL_Opensource1,C6,UCL_Opensource1,CN(C1=CC=NC(N2CCCCC2)=N1)C3CCNCC3,OSA_000062,
UCL_Opensource1,C7,UCL_Opensource1,CN(C1=NC=CC(C2=CC=CC=C2)=N1)C3CCNCC3,OSA_000063,
UCL_Opensource1,C8,UCL_Opensource1,CN(C1CCNCC1)C2=CC=NC(C3=CC=CC=C3)=N2,OSA_000064,
UCL_Opensource1,C9,UCL_Opensource1,CN(C1=CC=NC(N2CCN(C)CC2)=N1)C3CCNCC3,OSA_000065,
UCL_Opensource1,C10,UCL_Opensource1,CN(C1CCNCC1)C2=CC=NC(N3CCOCC3)=N2,OSA_000066,
UCL_Opensource1,C11,UCL_Opensource1,CN(C1=CC=NC(C2=CC=C(C=CC=C3)C3=C2)=N1)C4CCNCC4,OSA_000067,
UCL_Opensource1,C12,UCL_Opensource1,CC1=NC(N2CCC(O)CC2)=CC(C)=N1,OSA_000068,
UCL_Opensource1,C13,UCL_Opensource1,O=C(CNCCN1CCS(CC1)(=O)=O)NC2=CC=CC=C2,OSA_000069,
UCL_Opensource1,C14,UCL_Opensource1,O=C(N1CCS(CC1)(=O)=O)/C=C/C2=CC=CC=C2,OSA_000070,
UCL_Opensource1,C15,UCL_Opensource1,O=S(C1=CC=C(NC(C)=O)C=C1)(N2CCS(CC2)(=O)=O)=O,OSA_000071,
UCL_Opensource1,C16,UCL_Opensource1,FC(C1=CC(CN2CCS(CC2)(=O)=O)=CC=C1OCC)(F)F,OSA_000072,
UCL_Opensource1,C17,UCL_Opensource1,O=C(CN1CCS(CC1)(=O)=O)NC2=CC=C(CN3N=CN=C3)C=C2,OSA_000073,
UCL_Opensource1,C18,UCL_Opensource1,O=C(CN1CCS(CC1)(=O)=O)NC2=CC(C3=CC=CC=C3)=NO2,OSA_000074,
UCL_Opensource1,C19,UCL_Opensource1,O=S(CCN1CC2=CC=C(C3=CC=CN=C3)O2)(CC1)=O,OSA_000075,
